feature,importance
num__jockey_prev_weight_mean,1713
num__age_days,1680
num__마체중,1545
num__trainer_prev_weight_mean,1532
num__horse_prev_weight_mean,1376
num__마번,1363
num__jockey_prev_win_rate,1282
num__trainer_prev_win_rate,1275
num__trainer_prev_count,1268
num__horse_prev_score_mean,1258
num__trainer_prev_top3_rate,1244
num__jockey_prev_count,1240
num__jockey_prev_top3_rate,1235
num__jockey_prev_score_mean,1154
num__jockey_last_score,1104
num__trainer_prev_score_mean,1100
num__출전번호,1090
num__trainer_last_score,1079
num__trainer_prev_rank_mean,1068
num__jockey_prev_rank_mean,1054
num__trainer_prev_top3_count,1040
num__horse_last_score,1015
num__horse_prev_rank_mean,931
num__조교사번호,895
num__race_month,880
num__jockey_prev_top3_count,830
num__horse_prev_count,815
num__horse_prev_top3_rate,805
num__horse_prev_win_rate,744
num__trainer_prev_win_count,689
num__경주번호,652
num__jockey_prev_win_count,606
num__경주거리,437
num__jockey_last_rank,379
num__trainer_last_rank,372
num__horse_prev_top3_count,348
num__horse_last_rank,329
num__출주두수,318
num__age_years,298
num__마필등급,273
cat__성별_수,157
cat__경주로상태_건조,156
num__부담구분,151
num__race_weekday,146
num__horse_prev_win_count,130
cat__성별_암,123
num__race_year,110
cat__race_id_infrequent_sklearn,100
num__분할경주여부,97
cat__경주로상태_다습,81
cat__성별_거,79
cat__소재지_서울경마공원,69
cat__경주로상태_양호,57
cat__부마명_한센,57
cat__소유자명_(주)나스카,54
cat__마명_신의운명,53
cat__소유자명_송암축산,49
cat__날씨_흐림,49
cat__기수번호_80550,48
cat__소유자명_함승원,47
cat__기수번호_080486,46
cat__날씨_맑음,44
cat__경주등급_일반,44
cat__소유자명_박남성,43
cat__소유자명_이혜란,43
cat__부마명_지롤라모,41
cat__소재지_녹원목장,40
cat__소유자명_김기종,39
cat__소유자명_이상진,39
cat__기수번호_080616,39
cat__소유자명_(주)자성실업,38
cat__소유자명_이혜섭,38
cat__소유자명_infrequent_sklearn,36
cat__소유자명_박재범,35
cat__부마명_크리솔라이트,35
cat__부마명_섀클포드,35
cat__부마명_애니기븐새터데이,34
cat__기수번호_080614,34
cat__기수번호_080602,33
cat__소유자명_전성열,32
cat__소유자명_강현철,32
cat__부마명_레이스데이,32
cat__소유자명_홍애란,31
cat__부마명_선더모카신,31
cat__경주로상태_포화,30
cat__소유자명_피엔에스홈즈,29
cat__소유자명_배은정,29
cat__기수번호_080366,29
cat__기수번호_080621,29
cat__부마명_티즈웨이,29
cat__기수번호_080624,28
cat__소유자명_이진경,28
cat__소유자명_변창덕,28
cat__부마명_언캡처드,27
cat__부마명_뉴레전드,27
cat__소유자명_홍상기,27
cat__소유자명_퍼플라인,27
cat__부마명_레볼루셔너리,27
cat__부마명_사이먼퓨어,27
cat__마명_울트라삭스,27
cat__소유자명_허도행,27
cat__소유자명_박재용,26
cat__기수번호_080582,26
cat__소유자명_조제형,26
cat__소유자명_권경자,26
cat__야간경마여부_야간경마,26
cat__소유자명_(주)메타플렉스,25
cat__소유자명_죽마조합,24
cat__부마명_콩코드포인트,23
cat__출전마구분_일반,23
cat__부마명_MO TOWN,23
cat__소유자명_함평제일,23
cat__기수번호_080550,22
cat__마명_한강글로리,22
cat__기수번호_80613,21
cat__마명_글로벌보배,21
cat__소유자명_장석영,21
cat__부마명_머스킷맨,21
cat__부마명_TAPITURE,21
cat__소유자명_박준배,21
cat__소유자명_투애니포,20
cat__부마명_미스터크로우,20
cat__소유자명_청수,20
cat__마명_infrequent_sklearn,20
cat__소유자명_이월희,20
cat__부마명_위드디스팅션,19
cat__소유자명_이기선,19
cat__부마명_카우보이칼,18
cat__부마명_페더럴리스트,18
cat__부마명_WILL TAKE CHARGE,18
cat__부마명_모던카우보이,18
cat__생산국_호주,18
cat__부마명_에어포스블루,18
cat__기수번호_80513,18
cat__기수번호_080417,18
cat__기수번호_080578,18
cat__기수번호_080100,18
cat__기수번호_080576,17
cat__소유자명_이강운,17
cat__부마명_연승대로,17
cat__소유자명_이선호,17
cat__소유자명_씨유네트워크,17
cat__부마명_커널존,16
cat__기수번호_080548,16
cat__생산국_한국,16
cat__기수번호_080361,16
cat__기수번호_080530,16
cat__기수번호_80361,16
cat__기수번호_080622,16
cat__기수번호_080562,15
cat__부마명_MASTERY,15
cat__마명_드론킬러,14
cat__기수번호_080513,14
cat__생산국_미국,14
cat__부마명_투아너앤드서브,14
cat__부마명_세이브더월드,14
cat__소유자명_조용학,13
cat__소유자명_김용재,13
cat__소유자명_김창식,13
cat__기수번호_080617,13
cat__소유자명_김길리,13
cat__소유자명_이태인,13
cat__기수번호_080584,12
cat__소유자명_페가수스,12
cat__기수번호_080103,12
cat__기수번호_80337,12
cat__부마명_라이언메탈,12
cat__부마명_피스룰즈,12
cat__소재지_흙마축산,12
cat__부마명_AMERICAN FREEDOM,11
cat__마명_매글데이,11
cat__소유자명_조창규,11
cat__부마명_티즈원더풀,11
cat__경주로상태_불량,11
cat__소유자명_최몽주,11
cat__소유자명_양현모,11
cat__부마명_올드패션드,11
cat__소유자명_김형순,11
cat__소유자명_김은갑,11
cat__출전마구분_루키,11
cat__기수번호_080337,11
cat__소재지_렛츠런팜장수,11
cat__기수번호_080512,10
cat__소유자명_우태율,10
cat__소유자명_하늬바람,10
cat__기수번호_080611,10
cat__소유자명_김선식,10
cat__기수번호_080487,10
cat__소유자명_박정재,9
cat__소유자명_디디에스코리아(주),9
cat__마명_선갤런트,9
cat__마명_컴플리트파티,9
cat__부마명_파워블레이드,9
cat__마명_탐라최강자,9
cat__기수번호_080476,9
cat__부마명_나이트러스,9
cat__부마명_테스타마타,9
cat__소재지_KRA동물병원,9
cat__부마명_빅스,9
cat__소재지_제주브리더스파크,8
cat__기수번호_80603,8
cat__소유자명_(주)디알엠씨티,8
cat__기수번호_080529,8
cat__기수번호_80582,8
cat__소유자명_이노쿠마 히로츠구,7
cat__부마명_아치아치아치,7
cat__소유자명_지대섭,7
cat__날씨_비,7
cat__기수번호_080603,7
cat__기수번호_080533,7
cat__기수번호_080547,7
cat__기수번호_080515,7
cat__기수번호_080613,7
cat__부마명_센트럴커맨드,7
cat__부마명_퍼지,6
cat__소유자명_손병현,6
cat__소유자명_베스트샤인조합,6
cat__부마명_EXAGGERATOR,6
cat__부마명_컬러즈플라잉,6
cat__소유자명_조금제,6
cat__기수번호_080608,6
cat__소재지_(주)궁평캠프,6
cat__소유자명_최상일,6
cat__소유자명_선형조,6
cat__기수번호_080434,6
cat__부마명_지금이순간,6
cat__부마명_GOLDENCENTS,5
cat__기수번호_080563,5
cat__마명_질주천하,5
cat__기수번호_80617,5
cat__기수번호_80588,5
cat__야간경마여부_일반,5
cat__소유자명_송태형,5
cat__마명_원평타운,5
cat__소유자명_최홍일,5
cat__부마명_온이글즈윙즈,5
cat__기수번호_80621,4
cat__소유자명_임동현,4
cat__소유자명_정성진,4
cat__부마명_어플릿익스프레스,4
cat__부마명_ARMY MULE,4
cat__기수번호_080612,4
cat__소유자명_유수현,4
cat__소유자명_황봉기,4
cat__부마명_KLIMT,4
cat__기수번호_80533,4
cat__부마명_오버애널라이즈,4
cat__날씨_눈,4
cat__소유자명_조현영,3
cat__마명_마이티짱,3
cat__소유자명_김명식,3
cat__부마명_경부대로,3
cat__소재지_청림목장,3
cat__소유자명_이경호a,3
cat__소유자명_제일사료(주),3
cat__소재지_송암축산,3
cat__소유자명_이종천,3
cat__소유자명_간용기,3
cat__소유자명_유성훈,2
cat__소유자명_말사모,2
cat__기수번호_080339,2
cat__부마명_프로스펙티브,2
cat__소유자명_에스지이건설,2
cat__소유자명_장재형,2
cat__소재지_태극호스파크,2
cat__마명_비케이벨,2
cat__출전마구분_Rookie2,2
cat__경주등급_교류,2
cat__소유자명_오종환,2
cat__부마명_사우스비치,2
cat__기수번호_080588,2
cat__부마명_FREE DROP BILLY,2
cat__소유자명_허훈,2
cat__소유자명_이신근,2
cat__부마명_WORLD OF TROUBLE,2
cat__소유자명_김정철,2
cat__기수번호_80405,2
cat__마명_탱글이,1
cat__기수번호_080438,1
cat__기수번호_080473,1
cat__소유자명_임한용,1
cat__마명_그래티튜드,1
cat__부마명_CAIRO PRINCE,1
cat__소유자명_서창식,1
cat__기수번호_80473,1
cat__소유자명_이종훈,1
cat__마명_대사리,1
cat__기수번호_080405,1
cat__소유자명_김진태a,1
cat__소유자명_박정배,1
cat__소유자명_박철근,1
cat__부마명_뉴화이트삭스,1
cat__부마명_TOM'S D'ETAT,1
cat__기수번호_80547,1
cat__부마명_BUCCHERO,1
cat__소유자명_라온랜드(주),1
cat__부마명_지몰로지스트,1
cat__소재지_궁평목장,1
cat__소유자명_범한산업,1
cat__소유자명_(주)일진코스메틱,1
cat__부마명_infrequent_sklearn,1
cat__부마명_테이크차지인디,1
cat__소유자명_김영구,1
cat__소유자명_손천수,1
cat__소유자명_최성룡,1
cat__마명_텐배거,1
cat__소재지_태평목장,1
cat__소유자명_임재형,1
cat__소유자명_이관형,1
cat__소재지_지산홀스랜드,1
cat__소유자명_(주)녹원목장,1
cat__마명_다나은킹덤,0
cat__마명_늘가을,0
cat__마명_뉴카우보이,0
cat__마명_뉴돌콩,0
cat__마명_눈꽃,0
cat__마명_누리천왕,0
cat__마명_누리으뜸,0
cat__마명_노프라블럼,0
cat__마명_노던타임,0
cat__마명_네이비캡틴,0
cat__마명_넘버원삭스,0
cat__마명_너트플레이,0
cat__마명_내맘의열정,0
cat__마명_델타최강,0
cat__마명_더플레이어,0
cat__마명_더엑설런트,0
cat__마명_더선파이터,0
cat__마명_더선커밍,0
cat__마명_더블블레이드,0
cat__마명_댄싱위즈,0
cat__마명_대흥클래스,0
cat__마명_대한코코즈,0
cat__마명_대한질주,0
cat__마명_대한시대,0
cat__마명_대원용마,0
cat__마명_대승마,0
cat__마명_대성스타,0
cat__마명_당대초월,0
cat__마명_드리머위즈,0
cat__마명_드래곤판타지,0
cat__마명_드래곤킹덤,0
cat__마명_드래곤킬러,0
cat__마명_드래곤스퀘어,0
cat__마명_드래곤불패,0
cat__마명_드래곤게이트,0
cat__마명_두손으뜸,0
cat__마명_두손오픈,0
cat__마명_두손라이프,0
cat__마명_두레이쇼,0
cat__마명_동키플레이,0
cat__마명_동진불패,0
cat__마명_동강의스타,0
cat__마명_도끼드래곤,0
cat__마명_라온더케이샤,0
cat__마명_라온더어펌드,0
cat__마명_라온더벨몬트,0
cat__마명_라온니진스키,0
cat__마명_라온노던댄스,0
cat__마명_라라케이,0
cat__마명_라라걸,0
cat__마명_따뜻한위로,0
cat__마명_딕시맨,0
cat__마명_디아나,0
cat__마명_디네,0
cat__마명_드림카드,0
cat__마명_드림아일,0
cat__마명_드림아너,0
cat__마명_드림릿지,0
cat__마명_드림다이아,0
cat__마명_랩처,0
cat__마명_라파예트,0
cat__마명_라이트윙,0
cat__마명_라이징모,0
cat__마명_라이언하트,0
cat__마명_라이브스타,0
cat__마명_라온플로렌스,0
cat__마명_라온포레스트,0
cat__마명_라온파이널,0
cat__마명_라온파라노마,0
cat__마명_라온티모스,0
cat__마명_라온탑플레이,0
cat__마명_라온이클립스,0
cat__마명_라온스필레타,0
cat__마명_라온스나이퍼,0
cat__마명_라온사일런스,0
cat__마명_레베랑스,0
cat__마명_레드벨럭키,0
cat__마명_레드드래곤,0
cat__마명_레드동백,0
cat__마명_런와일드,0
cat__마명_럭키하눌,0
cat__마명_럭키프랭크,0
cat__마명_럭키파티,0
cat__마명_럭키조이,0
cat__마명_럭키에이원,0
cat__마명_럭키서니,0
cat__마명_럭키붐,0
cat__마명_럭키데이,0
cat__마명_러브오마인,0
cat__마명_러브스칼렛,0
cat__마명_러버맨,0
cat__마명_마니노다지,0
cat__마명_리플렉트,0
cat__마명_리얼딜,0
cat__마명_리멤버어게인,0
cat__마명_리걸하이,0
cat__마명_루지,0
cat__마명_롯폰기드래곤,0
cat__마명_로열플러스,0
cat__마명_로열삭스,0
cat__마명_로열베스트,0
cat__마명_로드투스피어,0
cat__마명_로드투스타,0
cat__마명_레전드와우,0
cat__마명_레전드선,0
cat__마명_레인스타,0
cat__마명_레이디폭스,0
cat__마명_마이티아미,0
cat__마명_마이티숀,0
cat__마명_마이티샤인,0
cat__마명_마이티비트,0
cat__마명_마이티룩,0
cat__마명_마이티러브,0
cat__마명_마이티네오,0
cat__마명_마이웨이보스,0
cat__마명_마이엠파이어,0
cat__마명_마이모어,0
cat__마명_마이머닝스,0
cat__마명_마이던,0
cat__마명_마의웨이,0
cat__마명_마스터플랜,0
cat__마명_마스터콰이곤,0
cat__마명_마루장군,0
cat__마명_맥스파티,0
cat__마명_맥스맨,0
cat__마명_매직포션,0
cat__마명_매직스트롱,0
cat__마명_말스고,0
cat__마명_만대로,0
cat__마명_마터호른케이,0
cat__마명_마천월드,0
cat__마명_마이티프리,0
cat__마명_마이티탭,0
cat__마명_마이티크리스,0
cat__마명_마이티캡,0
cat__마명_마이티조이,0
cat__마명_마이티에버,0
cat__마명_몬탁선샤인,0
cat__마명_모어댄조크,0
cat__마명_모던파티,0
cat__마명_모닝원더,0
cat__마명_명품족,0
cat__마명_명파워,0
cat__마명_명진불패,0
cat__마명_명성축제,0
cat__마명_명드림,0
cat__마명_메이저크라운,0
cat__마명_메가스텝,0
cat__마명_메가드래곤,0
cat__마명_머스탱파워,0
cat__마명_머스킷클리버,0
cat__마명_머스킷데이,0
cat__마명_머니포시즌,0
cat__마명_미스터스톰,0
cat__마명_미스윈스타,0
cat__마명_미라클한강,0
cat__마명_미라클삭스,0
cat__마명_물레방아,0
cat__마명_문학파이터,0
cat__마명_문학축제,0
cat__마명_문학보이,0
cat__마명_문학벨,0
cat__마명_문학댄스,0
cat__마명_문학대세,0
cat__마명_무한아르고,0
cat__마명_무제한급,0
cat__마명_무적함대,0
cat__마명_무빙볼케이노,0
cat__마명_몬탁챗,0
cat__마명_벌교의스타,0
cat__마명_벌교베리타스,0
cat__마명_벌교박강굴,0
cat__마명_벌교라바,0
cat__마명_벌교디와이,0
cat__마명_벌교데스티노,0
cat__마명_벌교그래미,0
cat__마명_버건디,0
cat__마명_뱅크라인,0
cat__마명_백룡,0
cat__마명_발키리,0
cat__마명_발베니,0
cat__마명_바주카보이,0
cat__마명_바로다나은,0
cat__마명_민트플레이,0
cat__마명_미스터카라,0
cat__마명_벽송,0
cat__마명_벨록스보이,0
cat__마명_벨로테로,0
cat__마명_베트캡틴,0
cat__마명_베스트피치,0
cat__마명_베스트프리덤,0
cat__마명_베스트토르,0
cat__마명_베스트천하,0
cat__마명_베스트조이,0
cat__마명_베스트에이원,0
cat__마명_베스트어베인,0
cat__마명_베스트선,0
cat__마명_베스트레이스,0
cat__마명_베스트라지,0
cat__마명_베스트드림,0
cat__마명_벌교차돌,0
cat__마명_브라이트카이,0
cat__마명_브라운슈거,0
cat__마명_브라운골드,0
cat__마명_브라보플레이,0
cat__마명_뷰티풀화성,0
cat__마명_붉은폭풍,0
cat__마명_붉은태양,0
cat__마명_불타는심장,0
cat__마명_불의세계,0
cat__마명_불국시대,0
cat__마명_불곰마드레,0
cat__마명_분당쓰나미,0
cat__마명_봉화스테이,0
cat__마명_볼린,0
cat__마명_보스토크,0
cat__마명_별콩,0
cat__마명_블루레인,0
cat__마명_블루레몬,0
cat__마명_블루드래곤,0
cat__마명_블루넬로,0
cat__마명_블러싱로즈,0
cat__마명_블러드마운틴,0
cat__마명_블랙페페,0
cat__마명_블랙시대,0
cat__마명_블랙스펙터,0
cat__마명_블랙선,0
cat__마명_블랙사탕,0
cat__마명_블랙벨트,0
cat__마명_블랙머스크,0
cat__마명_블랙러시안,0
cat__마명_브리도트로피,0
cat__마명_브리도시리스,0
cat__마명_빅블레드,0
cat__마명_비트도깨비,0
cat__마명_비케이준,0
cat__마명_비케이비바체,0
cat__마명_비케이러브,0
cat__마명_비케이데블,0
cat__마명_비카드래곤,0
cat__마명_비전파워,0
cat__마명_비에스스톰,0
cat__마명_비상벨,0
cat__마명_비상데이,0
cat__마명_비바청수,0
cat__마명_블리스스타,0
cat__마명_블루피오라,0
cat__마명_블루선,0
cat__마명_새내타운,0
cat__마명_새내라니아,0
cat__마명_삼정레이디,0
cat__마명_사하라몬드,0
cat__마명_사하라로즈,0
cat__마명_사탕소녀,0
cat__마명_사이클론스타,0
cat__마명_사바나찰리,0
cat__마명_사바나건,0
cat__마명_빛의순간,0
cat__마명_빌리언보이,0
cat__마명_빈체로킹,0
cat__마명_빈체로큐,0
cat__마명_빈체로카발로,0
cat__마명_빅토리퀸,0
cat__마명_빅스고,0
cat__마명_선더런,0
cat__마명_선더드림,0
cat__마명_서클에이,0
cat__마명_서울탱크,0
cat__마명_서울불청객,0
cat__마명_서울돌풍,0
cat__마명_서브미션,0
cat__마명_서부특송,0
cat__마명_서부챔프,0
cat__마명_서머파티,0
cat__마명_서니로드,0
cat__마명_샤크텐,0
cat__마명_새파랑,0
cat__마명_새로운가이,0
cat__마명_새내파이터,0
cat__마명_세븐카이저,0
cat__마명_세명피크,0
cat__마명_세명스트롱,0
cat__마명_세명다이아,0
cat__마명_세라드,0
cat__마명_세광파이터,0
cat__마명_세광질주,0
cat__마명_성실대로,0
cat__마명_섬싱로스트,0
cat__마명_섬싱다크,0
cat__마명_섬돌모루,0
cat__마명_선더파이어,0
cat__마명_선더여걸,0
cat__마명_선더에이원,0
cat__마명_선더스톰,0
cat__마명_선더마블,0
cat__마명_슈퍼엑톤,0
cat__마명_슈퍼선더,0
cat__마명_슈퍼블루문,0
cat__마명_슈어윈,0
cat__마명_슈어니스,0
cat__마명_수향미인,0
cat__마명_수부타이,0
cat__마명_송암스카이,0
cat__마명_송암드래건,0
cat__마명_송당황태자,0
cat__마명_손에손잡고,0
cat__마명_소프트파워,0
cat__마명_소울비트,0
cat__마명_세인트위너,0
cat__마명_세인트루카,0
cat__마명_세인트러너,0
cat__마명_스터닝머니,0
cat__마명_스터닝레이디,0
cat__마명_스타트렉,0
cat__마명_스케일킹,0
cat__마명_스위트송,0
cat__마명_스마트해성,0
cat__마명_스마트테이크,0
cat__마명_스마트캣,0
cat__마명_스마트워리어,0
cat__마명_스마트삭스,0
cat__마명_스마트밍크,0
cat__마명_스마트뮤직,0
cat__마명_스마트마루,0
cat__마명_스마일링프린스,0
cat__마명_슈프림삭스,0
cat__마명_슈퍼피니시,0
cat__마명_스파크선더,0
cat__마명_스파이스밴드,0
cat__마명_스팅제트,0
cat__마명_스틸플레이,0
cat__마명_스티플,0
cat__마명_스트롱보스,0
cat__마명_스톰트루퍼,0
cat__마명_스톰체이서,0
cat__마명_스톰브레이커,0
cat__마명_스톰가이,0
cat__마명_스텝바이스텝,0
cat__마명_스터닝플래터,0
cat__마명_스터닝펄,0
cat__마명_스터닝퀸,0
cat__마명_스터닝스텝,0
cat__마명_스터닝서브,0
cat__마명_신라의파이터,0
cat__마명_시크릿울프,0
cat__마명_시크릿삭스,0
cat__마명_승부사,0
cat__마명_승리바로우즈,0
cat__마명_슬링스타,0
cat__마명_슬램드래곤,0
cat__마명_스피드원,0
cat__마명_스피드레전드,0
cat__마명_스플렌디드,0
cat__마명_스포르차,0
cat__마명_스페셜포스,0
cat__마명_스페셜타임,0
cat__마명_스퍼트빗,0
cat__마명_스팔타,0
cat__마명_스파클링,0
cat__마명_아메리카골드,0
cat__마명_아만바로우즈,0
cat__마명_아마존킹,0
cat__마명_아르고스마일,0
cat__마명_아르고리치,0
cat__마명_쏘아라스타,0
cat__마명_쌍옥루,0
cat__마명_싹다나은,0
cat__마명_실크스펙터,0
cat__마명_실버문,0
cat__마명_실버레인,0
cat__마명_신한에이스,0
cat__마명_신천하트,0
cat__마명_신의이름,0
cat__마명_신의여제,0
cat__마명_신의반전,0
cat__마명_애순이,0
cat__마명_알파피메일,0
cat__마명_알리페르,0
cat__마명_안양쓰나미,0
cat__마명_안양기쁨,0
cat__마명_아파트,0
cat__마명_아트캐처,0
cat__마명_아쿠아라인,0
cat__마명_아카펠,0
cat__마명_아침동자,0
cat__마명_아치클래스,0
cat__마명_아치메모리,0
cat__마명_아치로켓,0
cat__마명_아이엠짱,0
cat__마명_아이엠고,0
cat__마명_아모스최강,0
cat__마명_엑설런트마타,0
cat__마명_에펠탑,0
cat__마명_에클레어파워,0
cat__마명_에클레어,0
cat__마명_에코월드,0
cat__마명_에이스케이,0
cat__마명_에어포스원,0
cat__마명_어플리트런,0
cat__마명_어퓨어굿우먼,0
cat__마명_어퍼핸드,0
cat__마명_어서말을해,0
cat__마명_어메이징스타,0
cat__마명_어메이징록,0
cat__마명_어디든지,0
cat__마명_어디가도,0
cat__마명_애플스타일,0
cat__마명_영광의스카이,0
cat__마명_연희히어로,0
cat__마명_여명의순간,0
cat__마명_엠케이리,0
cat__마명_엠지퍼스트,0
cat__마명_엠지베스트,0
cat__마명_엠제이베트,0
cat__마명_엠제이베스트,0
cat__마명_엘도라도놀부,0
cat__마명_엘도라도강남,0
cat__마명_엔트로피,0
cat__마명_엔딩파이어,0
cat__마명_엑스팩터,0
cat__마명_엑스텐,0
cat__마명_엑설런트한센,0
cat__마명_엑설런트탄,0
cat__마명_와일드매직,0
cat__마명_와우와우,0
cat__마명_와달비,0
cat__마명_올포유어드림,0
cat__마명_오피에스탑,0
cat__마명_오송의별,0
cat__마명_오섬퀸,0
cat__마명_오리온알파,0
cat__마명_오라칸,0
cat__마명_오늘도스마일,0
cat__마명_예스엔젤,0
cat__마명_영파이터,0
cat__마명_영원한스타,0
cat__마명_영원자이언트,0
cat__마명_영원빅맨,0
cat__마명_영광의월드,0
cat__마명_울트라드래곤,0
cat__마명_운주타임,0
cat__마명_우아센,0
cat__마명_우승콩코드,0
cat__마명_우승진리,0
cat__마명_우마포이,0
cat__마명_우광명,0
cat__마명_용암세상,0
cat__마명_용비히어로,0
cat__마명_용비태양,0
cat__마명_용비킹,0
cat__마명_용비신화,0
cat__마명_용비교,0
cat__마명_왕최고,0
cat__마명_왈츠의여왕,0
cat__마명_와일드삭스,0
cat__마명_원더풀캐시,0
cat__마명_원더풀제트,0
cat__마명_원더풀엔비,0
cat__마명_원더풀에이원,0
cat__마명_원더풀어롱,0
cat__마명_원더풀시킹,0
cat__마명_원더풀슬루,0
cat__마명_원더풀스피릿,0
cat__마명_원더풀새치,0
cat__마명_원더풀삭스,0
cat__마명_원더풀리즌,0
cat__마명_원더풀로드,0
cat__마명_원더풀다르샨,0
cat__마명_원더풀노던,0
cat__마명_울트라선더,0
cat__마명_울트라망치,0
cat__마명_월드블레임,0
cat__마명_월드베리언스,0
cat__마명_원평코드,0
cat__마명_원평스톰,0
cat__마명_원평스킷,0
cat__마명_원평리스트,0
cat__마명_원평누리,0
cat__마명_원평강자,0
cat__마명_원펀치드래곤,0
cat__마명_원모타임,0
cat__마명_원더풀폭스,0
cat__마명_원더풀패스,0
cat__마명_원더풀파피,0
cat__마명_원더풀티지,0
cat__마명_원더풀튠업,0
cat__마명_윈드카니발,0
cat__마명_위즈캠페인,0
cat__마명_위즈윈,0
cat__마명_위즈리얼리티,0
cat__마명_위즈러너,0
cat__마명_위버멘쉬,0
cat__마명_위드디스쿠로,0
cat__마명_위대한함성,0
cat__마명_위너글로리,0
cat__마명_위고하이,0
cat__마명_웨스턴건,0
cat__마명_월드화합,0
cat__마명_월드피플,0
cat__마명_월드참,0
cat__마명_월드조이,0
cat__마명_월드섀넌스,0
cat__마명_이안퍼펙트,0
cat__마명_이십년세월,0
cat__마명_이슬처럼,0
cat__마명_이스트점프,0
cat__마명_이스트웨스트,0
cat__마명_이스트강적,0
cat__마명_음성파워,0
cat__마명_은하칼라스,0
cat__마명_은파스위트,0
cat__마명_은파사랑,0
cat__마명_은파부스터,0
cat__마명_은빛유혹,0
cat__마명_은빛돌풍,0
cat__마명_유니카,0
cat__마명_유니버설,0
cat__마명_윈캐처,0
cat__마명_정성팩터,0
cat__마명_정성바이스,0
cat__마명_정상에이스,0
cat__마명_점순이고,0
cat__마명_장비대운,0
cat__마명_자체발광,0
cat__마명_자이언트스텝,0
cat__마명_자이언트보스,0
cat__마명_임로,0
cat__마명_인피니트아너,0
cat__마명_이클립스탱고,0
cat__마명_이클립스에지,0
cat__마명_이클립스블랙,0
cat__마명_이클립스베이,0
cat__마명_이클립스더킹,0
cat__마명_이클립스더퀸,0
cat__마명_지존불패,0
cat__마명_지산프렌드,0
cat__마명_지산포스,0
cat__마명_지모션,0
cat__마명_지구라트,0
cat__마명_즐거운상상,0
cat__마명_준마포스,0
cat__마명_주몽천하,0
cat__마명_주링스카이,0
cat__마명_조이천하,0
cat__마명_제타마스터,0
cat__마명_제이원파워,0
cat__마명_제이에스로드,0
cat__마명_제이디강자,0
cat__마명_제라퀸,0
cat__마명_천지자칼,0
cat__마명_천지레이디,0
cat__마명_천장사,0
cat__마명_천마호령,0
cat__마명_천마포스,0
cat__마명_천궁스톰,0
cat__마명_천공의섬,0
cat__마명_챌린지삭스,0
cat__마명_창창삭스,0
cat__마명_창조의아침,0
cat__마명_참좋은질주,0
cat__마명_참빠른말,0
cat__마명_찬페이머스,0
cat__마명_찬란한불꽃,0
cat__마명_차밍퀸,0
cat__마명_질풍아,0
cat__마명_춤추는장미,0
cat__마명_축배를들어라,0
cat__마명_추풍령,0
cat__마명_최고블랙,0
cat__마명_최고게임,0
cat__마명_최강현마,0
cat__마명_최강스피드,0
cat__마명_최강골드,0
cat__마명_초콜릿,0
cat__마명_초월마,0
cat__마명_청해스타,0
cat__마명_청산질주,0
cat__마명_청산돌풍,0
cat__마명_청룡의칼,0
cat__마명_청룡기운,0
cat__마명_천행챗,0
cat__마명_커맨딩리드,0
cat__마명_캡틴피케이,0
cat__마명_캡틴타임,0
cat__마명_캡틴라이즈,0
cat__마명_캡틴군주,0
cat__마명_캠프데이비드,0
cat__마명_캔버스엔고,0
cat__마명_캐롤챗,0
cat__마명_캄인스톰,0
cat__마명_칸맥스,0
cat__마명_카일리,0
cat__마명_카우보이탱고,0
cat__마명_카스,0
cat__마명_카리즈마,0
cat__마명_카라케이,0
cat__마명_치프스타,0
cat__마명_코탑,0
cat__마명_코스모런,0
cat__마명_케이파워풀,0
cat__마명_케이엔스톰,0
cat__마명_케이엔라이트,0
cat__마명_케이사이먼,0
cat__마명_케렌시아,0
cat__마명_케레르,0
cat__마명_컴플리트하트,0
cat__마명_컴플리트터치,0
cat__마명_컴플리트스텝,0
cat__마명_컴플리트브로,0
cat__마명_컴플리트밸류,0
cat__마명_컴플리트리더,0
cat__마명_컴플리트레벨,0
cat__마명_크리솔니케,0
cat__마명_크로마이트,0
cat__마명_크레이지스타,0
cat__마명_크레이지망고,0
cat__마명_크레이지마리,0
cat__마명_크라운함성,0
cat__마명_큐피드케이,0
cat__마명_큐피드커맨드,0
cat__마명_큐피드잇,0
cat__마명_퀸아비게일,0
cat__마명_퀸매스터리,0
cat__마명_퀸다이아,0
cat__마명_퀀텀케이,0
cat__마명_콩코드코디,0
cat__마명_콩나물,0
cat__마명_콜긴,0
cat__마명_타이거케이,0
cat__마명_타이거로어,0
cat__마명_킹칼레,0
cat__마명_킹아너,0
cat__마명_킹마스터,0
cat__마명_킹다이아,0
cat__마명_킹고태양,0
cat__마명_키아오라,0
cat__마명_클림트월드,0
cat__마명_클레어빅뱅,0
cat__마명_클럽큐,0
cat__마명_크리솔피스,0
cat__마명_크리솔크라운,0
cat__마명_크리솔스톤,0
cat__마명_크리솔메이저,0
cat__마명_크리솔동해,0
cat__마명_토호마켓,0
cat__마명_테마탄생,0
cat__마명_턴테이블,0
cat__마명_터보차지,0
cat__마명_터보삭스,0
cat__마명_탭딘,0
cat__마명_태풍처럼,0
cat__마명_태평히어로,0
cat__마명_태평레전드,0
cat__마명_태칸,0
cat__마명_태기산킹,0
cat__마명_탑티어,0
cat__마명_탄성의반석,0
cat__마명_파워밴드,0
cat__마명_파워군주,0
cat__마명_파사킹,0
cat__마명_파사퀸,0
cat__마명_파사스파크,0
cat__마명_파라이바,0
cat__마명_티아라수아,0
cat__마명_티나케이,0
cat__마명_특급파티,0
cat__마명_트리플팔메토,0
cat__마명_트리플제니,0
cat__마명_트리플에스,0
cat__마명_트리스탄왕자,0
cat__마명_트라움킹,0
cat__마명_투어킹,0
cat__마명_토호스카이,0
cat__마명_팔라티노,0
cat__마명_판타스틱브로,0
cat__마명_파카샤인,0
cat__마명_파인핑크,0
cat__마명_파이어파워,0
cat__마명_파이브스타,0
cat__마명_파이널케이,0
cat__마명_파이널축제,0
cat__마명_파이널질주,0
cat__마명_파이널고,0
cat__마명_파워풀임팩트,0
cat__마명_파워풀슬루,0
cat__마명_파워풀나이트,0
cat__마명_파워질주,0
cat__마명_파워에치드,0
cat__마명_파워베스트,0
cat__마명_프로시드,0
cat__마명_프로미스,0
cat__마명_폭스트롯,0
cat__마명_포에틱누비,0
cat__마명_포에버드림,0
cat__마명_포마드,0
cat__마명_페퍼엑스,0
cat__마명_페어스카이즈,0
cat__마명_퍼플윙크,0
cat__마명_퍼플신화,0
cat__마명_퍼펙트다나은,0
cat__마명_퍼펙트게임,0
cat__마명_퍼펙트건맨,0
cat__마명_퍼지스텝,0
cat__마명_팰로앨토,0
cat__마명_패션스타,0
cat__마명_픽처,0
cat__마명_피엔에스파,0
cat__마명_피엔에스주,0
cat__마명_피엔에스워크,0
cat__마명_피엔에스오오,0
cat__마명_피엔에스미,0
cat__마명_피엔에스날라,0
cat__마명_피엔에스공자,0
cat__마명_플레이스테이,0
cat__마명_플라잉크루저,0
cat__마명_플라잉카라반,0
cat__마명_플라잉월드,0
cat__마명_플라잉스타,0
cat__마명_플라잉데이,0
cat__마명_프리타임,0
cat__마명_프리더원,0
cat__마명_한강판타스틱,0
cat__마명_한강캡틴,0
cat__마명_한강보스,0
cat__마명_학산프린스,0
cat__마명_학산카이로,0
cat__마명_학산스피드,0
cat__마명_학산소드,0
cat__마명_학산대세,0
cat__마명_학산다크호스,0
cat__마명_하트케이,0
cat__마명_하이폴리,0
cat__마명_하이퍼엑스,0
cat__마명_하이퍼선더,0
cat__마명_하이크라운,0
cat__마명_하늘감동,0
cat__마명_하남엘도라도,0
cat__마명_호세,0
cat__마명_호명퀸,0
cat__마명_혜원용마,0
cat__마명_혁무상,0
cat__마명_혁명의질주,0
cat__마명_허쉬대보,0
cat__마명_행운의여신,0
cat__마명_행복한승자,0
cat__마명_행복여전사,0
cat__마명_핵다이아,0
cat__마명_해맞이,0
cat__마명_핫피버,0
cat__마명_한우리,0
cat__마명_한센브레이싱,0
cat__마명_한마디말도,0
cat__마명_한강퍼펙트,0
cat__마명_히어로파이터,0
cat__마명_히어로초이스,0
cat__마명_히어로짱,0
cat__마명_히어로전사,0
cat__마명_히어로삭스,0
cat__마명_희망밴드,0
cat__마명_흥행돌풍,0
cat__마명_황금마스크,0
cat__마명_환상의나라,0
cat__마명_화이트칼라,0
cat__마명_화산폭팔,0
cat__마명_화산귀환,0
cat__마명_화랑투데이,0
cat__마명_화랑산정기,0
cat__마명_홀리카이저,0
cat__마명_홀리데이참,0
cat__기수번호_080484,0
cat__기수번호_080435,0
cat__기수번호_080342,0
cat__기수번호_080122,0
cat__마명_힐링헤이븐,0
cat__마명_히어아이엠,0
cat__마명_나인스피어,0
cat__마명_나이스포스,0
cat__마명_나이스위너,0
cat__마명_나올패스,0
cat__마명_나올스나이퍼,0
cat__마명_나올대왕,0
cat__마명_나소챗,0
cat__마명_나비드,0
cat__마명_나르샤노바,0
cat__마명_나로마스타,0
cat__마명_나라올라,0
cat__마명_나노마신,0
cat__마명_기쁨함성,0
cat__마명_기분좋은말,0
cat__기수번호_080499,0
cat__기수번호_080579,0
cat__기수번호_080568,0
cat__기수번호_080565,0
cat__기수번호_080552,0
cat__마명_남산미남,0
cat__마명_남산무적,0
cat__기수번호_080623,0
cat__기수번호_080618,0
cat__기수번호_080615,0
cat__기수번호_080609,0
cat__기수번호_080598,0
cat__기수번호_080593,0
cat__기수번호_080587,0
cat__기수번호_80530,0
cat__기수번호_80515,0
cat__기수번호_80512,0
cat__기수번호_80487,0
cat__기수번호_80486,0
cat__기수번호_80476,0
cat__기수번호_80438,0
cat__기수번호_80434,0
cat__기수번호_80417,0
cat__기수번호_80100,0
cat__기수번호_80618,0
cat__기수번호_80616,0
cat__기수번호_80614,0
cat__기수번호_80612,0
cat__기수번호_80611,0
cat__기수번호_80609,0
cat__기수번호_80608,0
cat__기수번호_80602,0
cat__기수번호_80599,0
cat__기수번호_80598,0
cat__기수번호_80578,0
cat__기수번호_80562,0
cat__마명_금성파워,0
cat__마명_금성보스,0
cat__마명_금빛파워,0
cat__마명_금빛천하,0
cat__마명_금빛마,0
cat__마명_금빛강호,0
cat__마명_글로벌함성,0
cat__마명_글로벌파워,0
cat__마명_글로벌파로아,0
cat__마명_글로벌타임,0
cat__경주등급_대상,0
cat__기수번호_infrequent_sklearn,0
cat__기수번호_80624,0
cat__기수번호_80622,0
cat__날씨_강풍,0
cat__출전마구분_infrequent_sklearn,0
cat__출전마구분_육성심사합격마,0
cat__출전마구분_국산마한정,0
cat__출전마구분_경매마,0
cat__마명_기대하라,0
cat__마명_급행열차,0
cat__마명_금악명장,0
cat__마명_금아포모스트,0
cat__마명_금세다,0
cat__마명_금세,0
cat__소유자명_강만구,0
cat__소유자명_강균호,0
cat__소유자명_강경운,0
cat__소유자명_(주)엑스포라인,0
cat__소유자명_(주)에이에프피,0
cat__소유자명_(주)아진화학,0
cat__소유자명_(주)아리온,0
cat__소유자명_(주)쎄쎄쎄,0
cat__소유자명_(주)선우패션,0
cat__소유자명_(주)대홍에이스건업,0
cat__소유자명_(주)늘푸른목장,0
cat__소유자명_기무라요시아키,0
cat__소유자명_금악목장,0
cat__소유자명_금아산업(주),0
cat__소유자명_권태석,0
cat__소유자명_권광세,0
cat__소유자명_굿원,0
cat__소유자명_곽승종,0
cat__소유자명_공이공팔,0
cat__소유자명_고재완,0
cat__소유자명_강홍수,0
cat__소유자명_강현찬,0
cat__소유자명_강승호,0
cat__소유자명_강승연,0
cat__소유자명_강수덕,0
cat__소유자명_강석대,0
cat__소유자명_강무웅,0
cat__소유자명_김아라,0
cat__소유자명_김순건,0
cat__소유자명_김세권,0
cat__소유자명_김성래,0
cat__소유자명_김두식,0
cat__소유자명_김다혜,0
cat__소유자명_김길중,0
cat__소유자명_김근영,0
cat__소유자명_김광두,0
cat__소유자명_김경철,0
cat__소유자명_김경민,0
cat__소유자명_김경국,0
cat__소유자명_김갑수,0
cat__소유자명_김창만,0
cat__소유자명_김지훈,0
cat__소유자명_김중길,0
cat__소유자명_김종철,0
cat__소유자명_김종근,0
cat__소유자명_김조은,0
cat__소유자명_김정성,0
cat__소유자명_김욱수,0
cat__소유자명_김우식,0
cat__소유자명_김영선,0
cat__소유자명_김영근,0
cat__소유자명_노만영,0
cat__소유자명_남춘우,0
cat__소유자명_남승현,0
cat__소유자명_남석우,0
cat__소유자명_남경,0
cat__소유자명_김희정,0
cat__소유자명_김호진,0
cat__소유자명_김호선,0
cat__소유자명_김형란,0
cat__소유자명_김현강,0
cat__소유자명_김한수,0
cat__소유자명_김학록,0
cat__소유자명_김철,0
cat__소유자명_김창희,0
cat__소유자명_민홍기,0
cat__소유자명_민규동,0
cat__소유자명_미즈타니 마사테루,0
cat__소유자명_미리내,0
cat__소유자명_문종원,0
cat__소유자명_문석현,0
cat__소유자명_문금철,0
cat__소유자명_명주환,0
cat__소유자명_명마조합,0
cat__소유자명_마용숙,0
cat__소유자명_류민수,0
cat__소유자명_럭키팜,0
cat__소유자명_럭키,0
cat__마명_글로벌기상,0
cat__마명_글로리퀸,0
cat__마명_글로리조이,0
cat__마명_글로리영광,0
cat__마명_글로리앤아너,0
cat__마명_글로리시티,0
cat__마명_글로리삭스,0
cat__마명_글로리데이,0
cat__마명_글라디우스,0
cat__마명_그로우,0
cat__마명_그레이팬텀,0
cat__마명_그레이트스톰,0
cat__소유자명_박병룡,0
cat__소유자명_박민지,0
cat__소유자명_박민규,0
cat__소유자명_박덕희,0
cat__소유자명_배석두,0
cat__소유자명_박희상,0
cat__소유자명_박호균,0
cat__소유자명_박태준,0
cat__소유자명_박치문외1인(조훈현),0
cat__소유자명_박웅진,0
cat__소유자명_박시용,0
cat__소유자명_박성구,0
cat__소유자명_박복용,0
cat__소유자명_박병현,0
cat__마명_글로벌컴퓨팅,0
cat__마명_글로벌서브,0
cat__마명_글로벌삭스,0
cat__소유자명_손병철,0
cat__소유자명_손병석,0
cat__소유자명_서운석,0
cat__소유자명_서순배,0
cat__소유자명_부수선,0
cat__소유자명_부건영,0
cat__소유자명_본투런,0
cat__소유자명_변갑한,0
cat__소유자명_배형진,0
cat__소유자명_배태곤,0
cat__소유자명_배영한,0
cat__소유자명_양진영,0
cat__소유자명_양일추,0
cat__소유자명_양순희,0
cat__소유자명_양동희,0
cat__소유자명_양경필,0
cat__소유자명_안희철,0
cat__소유자명_안영환,0
cat__소유자명_안세희,0
cat__소유자명_신승열,0
cat__소유자명_신명석,0
cat__소유자명_슘호천,0
cat__소유자명_송한우,0
cat__소유자명_송창오,0
cat__소유자명_유영준,0
cat__소유자명_우순근,0
cat__소유자명_우상우,0
cat__소유자명_우상균,0
cat__소유자명_용치우,0
cat__소유자명_요시다가츠미,0
cat__소유자명_오종택,0
cat__소유자명_오상철,0
cat__소유자명_에릭 코,0
cat__소유자명_양희숙,0
cat__소유자명_이민정,0
cat__소유자명_이미경,0
cat__소유자명_이동훈,0
cat__소유자명_이동좌,0
cat__소유자명_이도명,0
cat__소유자명_이기철,0
cat__소유자명_이경호,0
cat__소유자명_이경헌,0
cat__소유자명_이건행,0
cat__소유자명_윤우환,0
cat__소유자명_유종국,0
cat__소유자명_유정희,0
cat__소유자명_이정화,0
cat__소유자명_이재원,0
cat__소유자명_이장호,0
cat__소유자명_이장운,0
cat__소유자명_이윤석,0
cat__소유자명_이웅열,0
cat__소유자명_이용식,0
cat__소유자명_이영성,0
cat__소유자명_이시돌협회,0
cat__소유자명_이수행,0
cat__소유자명_이성헌,0
cat__소유자명_이성인,0
cat__소유자명_이방훈,0
cat__소유자명_이민희,0
cat__소유자명_임영수,0
cat__소유자명_임수복,0
cat__소유자명_임병효,0
cat__소유자명_임두인,0
cat__소유자명_이호열,0
cat__소유자명_이한준,0
cat__소유자명_이중연,0
cat__소유자명_이종원,0
cat__소유자명_이종욱,0
cat__소유자명_이종수,0
cat__소유자명_조경수,0
cat__소유자명_조건진,0
cat__소유자명_제주축산개발,0
cat__소유자명_제이엘피코퍼레이션,0
cat__소유자명_정춘복,0
cat__소유자명_정우종합건설(주),0
cat__소유자명_정영식,0
cat__소유자명_정동진,0
cat__소유자명_정광화,0
cat__소유자명_전영애,0
cat__소유자명_장수영,0
cat__소유자명_장석린,0
cat__소유자명_임흥호,0
cat__소유자명_청메이칭,0
cat__소유자명_천병득,0
cat__소유자명_차청일,0
cat__소유자명_진교원,0
cat__소유자명_지성배,0
cat__소유자명_죠셉달라오,0
cat__소유자명_조한수,0
cat__소유자명_조수영,0
cat__소유자명_조병해,0
cat__소유자명_조병태,0
cat__소유자명_조근식,0
cat__마명_그레이스루트,0
cat__마명_그랜드파크,0
cat__마명_그랜드쾌마,0
cat__마명_그냥가라,0
cat__마명_굿해피,0
cat__마명_굿프렌드,0
cat__마명_굿카보,0
cat__마명_굿최강,0
cat__마명_굿모닝컴,0
cat__마명_국대파이터,0
cat__마명_관악산체크인,0
cat__마명_관악산조이,0
cat__마명_관악산원더풀,0
cat__소유자명_청팅콩,0
cat__소유자명_청솔,0
cat__소유자명_피닉스,0
cat__소유자명_파인트리,0
cat__소유자명_최현우,0
cat__소유자명_최종복,0
cat__소유자명_최임규,0
cat__소유자명_최수군,0
cat__소유자명_최상기,0
cat__소유자명_최병욱,0
cat__소유자명_최병권,0
cat__마명_그레이캔디,0
cat__마명_그레이찰리,0
cat__소유자명_황은호,0
cat__소유자명_환상마,0
cat__소유자명_홍종운,0
cat__소유자명_홍승오,0
cat__소유자명_현태봉,0
cat__소유자명_허윤범,0
cat__소유자명_허영희,0
cat__소유자명_허건호,0
cat__소유자명_한춘택,0
cat__소유자명_한영석,0
cat__소유자명_한명로,0
cat__소유자명_한대영,0
cat__소유자명_피엔에스커튼월,0
cat__부마명_AMERICAN PHAROAH,0
cat__부마명_AMERICAN PATRIOT,0
cat__부마명_AFLEET ALEX,0
cat__부마명_ADMIRE MARS,0
cat__부마명_ADIOS CHARLIE,0
cat__부마명_ACCELERATE,0
cat__생산국_infrequent_sklearn,0
cat__생산국_일본,0
cat__생산국_뉴질랜드,0
cat__소유자명_힐링팜조합,0
cat__소유자명_희망홀스,0
cat__소유자명_황현,0
cat__소유자명_황의영,0
cat__부마명_COLLECTED,0
cat__부마명_CLOUD COMPUTING,0
cat__부마명_CENTRAL BANKER,0
cat__부마명_CATALINA CRUISER,0
cat__부마명_CARAVAGGIO,0
cat__부마명_CANDY RIDE,0
cat__부마명_BY MY STANDARDS,0
cat__부마명_BRODY'S CAUSE,0
cat__부마명_BRETHREN,0
cat__부마명_BLAME,0
cat__부마명_BERNARDINI,0
cat__부마명_BEAU LIAM,0
cat__부마명_AUDIBLE,0
cat__부마명_FRANK CONVERSATION,0
cat__부마명_FLATTER,0
cat__부마명_FLAT OUT,0
cat__부마명_FLAMEAWAY,0
cat__부마명_ENTICED,0
cat__부마명_ECHO TOWN,0
cat__부마명_DIALED IN,0
cat__부마명_CUPID,0
cat__부마명_CROSS TRAFFIC,0
cat__부마명_CREATIVE CAUSE,0
cat__부마명_COURAGEOUS CAT,0
cat__부마명_CONSTITUTION,0
cat__부마명_CONNECT,0
cat__부마명_CONGRATS,0
cat__부마명_COMPETITIVE EDGE,0
cat__부마명_INDEPENDENCE HALL,0
cat__부마명_IMPROBABLE,0
cat__부마명_HONOR A. P.,0
cat__부마명_HIGHER POWER,0
cat__부마명_GUNNEVERA,0
cat__부마명_GORMLEY,0
cat__부마명_GOOD SAMARITAN,0
cat__부마명_GLOBAL CAMPAIGN,0
cat__부마명_GIRVIN,0
cat__부마명_GIFT BOX,0
cat__부마명_GIANT OAK,0
cat__부마명_GHOSTZAPPER,0
cat__부마명_GALILEAN,0
cat__부마명_FROSTED,0
cat__부마명_MIDSHIPMAN,0
cat__부마명_MIDNIGHT STORM,0
cat__부마명_MIDNIGHT LUTE,0
cat__부마명_MENDELSSOHN,0
cat__부마명_MAXIMUS MISCHIEF,0
cat__부마명_MAXIMUM SECURITY,0
cat__부마명_LORD NELSON,0
cat__부마명_LOOKIN AT LUCKY,0
cat__부마명_LIAM'S MAP,0
cat__부마명_LAOBAN,0
cat__부마명_KNOWN AGENDA,0
cat__부마명_KANTHAROS,0
cat__부마명_ISOTHERM,0
cat__부마명_INSTAGRAND,0
cat__부마명_PAYNTER,0
cat__부마명_PALACE MALICE,0
cat__부마명_OSCAR PERFORMANCE,0
cat__부마명_OMAHA BEACH,0
cat__부마명_OLE KIRK,0
cat__부마명_OCEAN PARK,0
cat__부마명_NOT THIS TIME,0
cat__부마명_NOBLE BIRD,0
cat__부마명_MUNNINGS,0
cat__부마명_MUCHO MACHO MAN,0
cat__부마명_MR. MONEY,0
cat__부마명_MOR SPIRIT,0
cat__부마명_MOHAYMEN,0
cat__부마명_MITOLE,0
cat__부마명_MISSION IMPAZIBLE,0
cat__부마명_MINESHAFT,0
cat__부마명_SPUN TO RUN,0
cat__부마명_SPEIGHTSTER,0
cat__부마명_SOLOMINI,0
cat__부마명_SMOKEM,0
cat__부마명_SMILING TIGER,0
cat__부마명_SKY MESA,0
cat__부마명_SIDESTEP,0
cat__부마명_SHANCELOT,0
cat__부마명_SHAMAN GHOST,0
cat__부마명_SEEKING THE SOUL,0
cat__부마명_RUNHAPPY,0
cat__부마명_ROCK YOUR WORLD,0
cat__부마명_RELIABLE MAN,0
cat__부마명_RAGEESE,0
cat__부마명_PRACTICAL JOKE,0
cat__부마명_POINT OF ENTRY,0
cat__부마명_WIN WIN WIN,0
cat__부마명_WEST COAST,0
cat__부마명_VINO ROSSO,0
cat__부마명_UNION RAGS,0
cat__부마명_UNCLE CHUCK,0
cat__부마명_TWIRLING CANDY,0
cat__부마명_TIZNOW,0
cat__부마명_THOUSAND WORDS,0
cat__부마명_THE FACTOR,0
cat__부마명_TARZINO,0
cat__부마명_TAPWRIT,0
cat__부마명_TALE OF VERVE,0
cat__부마명_TACITUS,0
cat__부마명_SUMMER FRONT,0
cat__부마명_STAY THIRSTY,0
cat__부마명_록밴드,0
cat__부마명_디바인파크,0
cat__부마명_도르트문트,0
cat__부마명_더킹,0
cat__부마명_다이나믹대시,0
cat__부마명_닉스고,0
cat__부마명_나스카프린스,0
cat__부마명_글로벌캠페인,0
cat__부마명_가온챔프,0
cat__부마명_ZOUSAIN,0
cat__부마명_YORKTON,0
cat__마명_관악산레오,0
cat__마명_관악산글로벌,0
cat__마명_골든아너,0
cat__마명_골든세이브,0
cat__마명_골든볼,0
cat__마명_골드퀸즈,0
cat__마명_골드캐처,0
cat__마명_골드시대,0
cat__마명_골드스피닝,0
cat__마명_골드베르크,0
cat__마명_골드뭉치,0
cat__마명_고스트크리솔,0
cat__마명_겨울장미,0
cat__마명_검이불루,0
cat__부마명_맘보트레인,0
cat__부마명_록하드텐,0
cat__부마명_아임유어파더,0
cat__부마명_생일기쁨,0
cat__부마명_보이즈앳토스코노,0
cat__부마명_백광,0
cat__부마명_바이언,0
cat__부마명_미스치비어슬리,0
cat__부마명_메디치글로리,0
cat__부마명_메니피,0
cat__부마명_매직댄서,0
cat__마명_관악산오투,0
cat__마명_관악산스톰,0
cat__부마명_제이피즈거스토,0
cat__부마명_자이언트런,0
cat__부마명_일루시브블러프,0
cat__부마명_인디언킹,0
cat__부마명_인디밴드,0
cat__부마명_영천에이스,0
cat__부마명_엑톤파크,0
cat__부마명_에치드,0
cat__부마명_에어쉐이디,0
cat__race_id_2026-02-28_5,0
cat__부마명_어드마이어돈,0
cat__race_id_2026-02-28_6,0
cat__부마명_파이널보스,0
cat__race_id_2026-02-28_7,0
cat__race_id_2026-02-28_8,0
cat__부마명_트리플나인,0
cat__race_id_2026-02-08_3,0
cat__race_id_2026-02-28_3,0
cat__마명_내길의여정,0
cat__부마명_킹삭스,0
cat__부마명_클래식엠파이어,0
cat__부마명_케이탑,0
cat__마명_내길의에이스,0
cat__마명_내게로와줘,0
cat__부마명_천지스톰,0
cat__부마명_천구,0
cat__마명_남촌서브,0
cat__마명_걸작시대,0
cat__마명_거센폭주,0
cat__마명_거센펀치,0
cat__마명_거센빅맨,0
cat__마명_거센반격,0
cat__마명_거센돌격,0
cat__마명_거센대로,0
cat__마명_거센강호,0
cat__마명_강풍마,0
cat__마명_강철파워,0
cat__마명_강철전사,0
cat__마명_강남불청객,0
cat__마명_강나루,0
cat__마명_간다고,0
cat__부마명_프레저베이셔니스,0
cat__부마명_포리스트캠프,0
cat__소재지_나스카팜,0
cat__소재지_금성목장(제주),0
cat__소재지_그레이트힐팜,0
cat__소재지_그레이트팜,0
cat__소재지_궁평캠프,0
cat__마명_남산미녀,0
cat__소재지_가람목장,0
cat__race_id_2026-03-01_9,0
cat__race_id_2026-03-01_8,0
cat__race_id_2026-03-01_6,0
cat__race_id_2026-03-01_5,0
cat__부마명_플래시백,0
cat__부마명_프리덤차일드,0
cat__race_id_2026-03-01_4,0
cat__마명_검은숲,0
cat__마명_걸작티아라,0
cat__소재지_신화목장,0
cat__소재지_스타드팜,0
cat__소재지_스카이팜,0
cat__race_id_2026-03-01_3,0
cat__소재지_세훈목장,0
cat__소재지_성수목장,0
cat__소재지_삼성목장,0
cat__소재지_베스트팜,0
cat__소재지_밀레니엄팜,0
cat__소재지_민송농장,0
cat__소재지_명진목장,0
cat__소재지_마태우리S승마센터,0
cat__소재지_렛츠런팜제주,0
cat__race_id_2026-03-01_2,0
cat__소재지_대한목장,0
cat__마명_가야스타,0
cat__race_id_2023-07-08_1,0
cat__소재지_infrequent_sklearn,0
cat__race_id_2026-03-01_10,0
cat__소재지_피엔에스팜(군포),0
cat__소재지_페가수스,0
cat__race_id_2026-03-01_1,0
cat__race_id_2026-02-14_8,0
cat__소재지_코리아호스랜드,0
cat__마명_달맞이,0
cat__마명_다이아룩,0
cat__마명_다이나믹송,0
cat__소재지_제이엔씨동물병원,0
cat__소재지_일반소재지(내륙),0
cat__소재지_운주승마클럽,0
cat__소재지_오픈마인드팜,0
cat__소재지_양평승마랜드,0
cat__race_id_2023-09-23_2,0
cat__race_id_2023-09-17_1,0
cat__race_id_2023-09-16_2,0
cat__race_id_2023-09-16_1,0
cat__race_id_2023-09-02_3,0
cat__race_id_2023-08-27_1,0
cat__race_id_2023-08-26_3,0
cat__race_id_2023-08-26_1,0
cat__race_id_2023-08-19_1,0
cat__race_id_2023-08-12_1,0
cat__race_id_2023-08-05_3,0
cat__race_id_2023-07-23_1,0
cat__race_id_2023-07-22_3,0
cat__race_id_2023-07-22_2,0
cat__race_id_2023-07-16_1,0
cat__race_id_2023-07-08_2,0
cat__race_id_2023-11-11_4,0
cat__race_id_2023-11-05_9,0
cat__race_id_2023-11-05_8,0
cat__race_id_2023-11-05_5,0
cat__race_id_2023-11-05_1,0
cat__race_id_2023-10-29_1,0
cat__race_id_2023-10-22_3,0
cat__race_id_2023-10-22_1,0
cat__race_id_2023-10-21_3,0
cat__race_id_2023-10-15_3,0
cat__race_id_2023-10-14_1,0
cat__race_id_2023-10-09_9,0
cat__race_id_2023-10-09_4,0
cat__race_id_2023-10-08_3,0
cat__race_id_2023-10-07_2,0
cat__race_id_2023-09-23_3,0
cat__race_id_2024-01-07_5,0
cat__race_id_2024-01-06_2,0
cat__race_id_2024-01-06_1,0
cat__race_id_2023-12-31_1,0
cat__race_id_2023-12-25_3,0
cat__race_id_2023-12-24_2,0
cat__race_id_2023-12-23_2,0
cat__race_id_2023-12-17_6,0
cat__race_id_2023-12-17_1,0
cat__race_id_2023-12-16_3,0
cat__race_id_2023-12-16_2,0
cat__race_id_2023-12-10_6,0
cat__race_id_2023-11-26_1,0
cat__race_id_2023-11-25_7,0
cat__race_id_2023-11-18_4,0
cat__race_id_2023-11-18_3,0
cat__race_id_2024-03-03_1,0
cat__race_id_2024-02-25_4,0
cat__race_id_2024-02-24_8,0
cat__race_id_2024-02-17_1,0
cat__race_id_2024-02-04_9,0
cat__race_id_2024-02-04_8,0
cat__race_id_2024-02-03_3,0
cat__race_id_2024-01-28_7,0
cat__race_id_2024-01-27_9,0
cat__race_id_2024-01-27_4,0
cat__race_id_2024-01-27_3,0
cat__race_id_2024-01-21_7,0
cat__race_id_2024-01-20_4,0
cat__race_id_2024-01-20_1,0
cat__race_id_2024-01-14_4,0
cat__race_id_2024-01-13_1,0
cat__race_id_2024-05-18_9,0
cat__race_id_2024-05-05_8,0
cat__race_id_2024-05-05_5,0
cat__race_id_2024-05-04_3,0
cat__race_id_2024-04-21_1,0
cat__race_id_2024-04-13_1,0
cat__race_id_2024-04-07_7,0
cat__race_id_2024-04-07_3,0
cat__race_id_2024-04-06_4,0
cat__race_id_2024-03-23_1,0
cat__race_id_2024-03-17_8,0
cat__race_id_2024-03-17_3,0
cat__race_id_2024-03-16_2,0
cat__race_id_2024-03-10_9,0
cat__race_id_2024-03-09_3,0
cat__race_id_2024-03-09_1,0
cat__race_id_2024-06-22_9,0
cat__race_id_2024-06-22_1,0
cat__race_id_2024-06-16_2,0
cat__race_id_2024-06-15_8,0
cat__race_id_2024-06-15_4,0
cat__race_id_2024-06-15_1,0
cat__race_id_2024-06-09_10,0
cat__race_id_2024-06-08_3,0
cat__race_id_2024-06-01_2,0
cat__race_id_2024-05-26_6,0
cat__race_id_2024-05-25_2,0
cat__race_id_2024-05-25_10,0
cat__race_id_2024-05-19_6,0
cat__race_id_2024-05-19_3,0
cat__race_id_2024-05-19_2,0
cat__race_id_2024-05-19_1,0
cat__race_id_2024-07-28_11,0
cat__race_id_2024-07-28_10,0
cat__race_id_2024-07-28_1,0
cat__race_id_2024-07-27_6,0
cat__race_id_2024-07-27_1,0
cat__race_id_2024-07-21_7,0
cat__race_id_2024-07-21_5,0
cat__race_id_2024-07-20_6,0
cat__race_id_2024-07-20_1,0
cat__race_id_2024-07-13_2,0
cat__race_id_2024-07-13_1,0
cat__race_id_2024-07-07_6,0
cat__race_id_2024-07-07_3,0
cat__race_id_2024-07-06_1,0
cat__race_id_2024-06-29_8,0
cat__race_id_2024-06-23_8,0
cat__race_id_2024-08-18_9,0
cat__race_id_2024-08-18_3,0
cat__race_id_2024-08-18_2,0
cat__race_id_2024-08-18_1,0
cat__race_id_2024-08-17_6,0
cat__race_id_2024-08-17_3,0
cat__race_id_2024-08-17_1,0
cat__race_id_2024-08-04_7,0
cat__race_id_2024-08-04_6,0
cat__race_id_2024-08-04_3,0
cat__race_id_2024-08-04_1,0
cat__race_id_2024-08-03_9,0
cat__race_id_2024-08-03_1,0
cat__race_id_2024-07-28_9,0
cat__race_id_2024-07-28_6,0
cat__race_id_2024-07-28_13,0
cat__race_id_2024-09-08_1,0
cat__race_id_2024-09-07_7,0
cat__race_id_2024-09-07_6,0
cat__race_id_2024-09-07_10,0
cat__race_id_2024-09-01_8,0
cat__race_id_2024-09-01_1,0
cat__race_id_2024-08-31_5,0
cat__race_id_2024-08-31_4,0
cat__race_id_2024-08-31_1,0
cat__race_id_2024-08-25_9,0
cat__race_id_2024-08-25_8,0
cat__race_id_2024-08-25_10,0
cat__race_id_2024-08-25_1,0
cat__race_id_2024-08-24_6,0
cat__race_id_2024-08-24_2,0
cat__race_id_2024-08-24_1,0
cat__race_id_2024-09-28_4,0
cat__race_id_2024-09-28_3,0
cat__race_id_2024-09-28_2,0
cat__race_id_2024-09-28_11,0
cat__race_id_2024-09-28_10,0
cat__race_id_2024-09-15_2,0
cat__race_id_2024-09-15_1,0
cat__race_id_2024-09-14_9,0
cat__race_id_2024-09-14_7,0
cat__race_id_2024-09-14_6,0
cat__race_id_2024-09-14_4,0
cat__race_id_2024-09-14_3,0
cat__race_id_2024-09-14_2,0
cat__race_id_2024-09-14_1,0
cat__race_id_2024-09-08_4,0
cat__race_id_2024-09-08_2,0
cat__race_id_2024-10-12_4,0
cat__race_id_2024-10-12_3,0
cat__race_id_2024-10-12_2,0
cat__race_id_2024-10-12_11,0
cat__race_id_2024-10-12_1,0
cat__race_id_2024-10-06_9,0
cat__race_id_2024-10-06_7,0
cat__race_id_2024-10-06_6,0
cat__race_id_2024-10-06_5,0
cat__race_id_2024-10-06_10,0
cat__race_id_2024-10-05_6,0
cat__race_id_2024-10-05_5,0
cat__race_id_2024-10-05_1,0
cat__race_id_2024-09-29_9,0
cat__race_id_2024-09-29_8,0
cat__race_id_2024-09-29_1,0
cat__race_id_2024-10-26_1,0
cat__race_id_2024-10-20_7,0
cat__race_id_2024-10-20_3,0
cat__race_id_2024-10-20_2,0
cat__race_id_2024-10-20_1,0
cat__race_id_2024-10-19_7,0
cat__race_id_2024-10-19_6,0
cat__race_id_2024-10-19_5,0
cat__race_id_2024-10-19_3,0
cat__race_id_2024-10-19_2,0
cat__race_id_2024-10-19_1,0
cat__race_id_2024-10-13_6,0
cat__race_id_2024-10-13_2,0
cat__race_id_2024-10-13_10,0
cat__race_id_2024-10-13_1,0
cat__race_id_2024-10-12_7,0
cat__race_id_2024-11-03_9,0
cat__race_id_2024-11-03_8,0
cat__race_id_2024-11-03_4,0
cat__race_id_2024-11-03_11,0
cat__race_id_2024-11-02_9,0
cat__race_id_2024-11-02_1,0
cat__race_id_2024-10-27_9,0
cat__race_id_2024-10-27_7,0
cat__race_id_2024-10-27_5,0
cat__race_id_2024-10-27_2,0
cat__race_id_2024-10-27_1,0
cat__race_id_2024-10-26_9,0
cat__race_id_2024-10-26_7,0
cat__race_id_2024-10-26_6,0
cat__race_id_2024-10-26_5,0
cat__race_id_2024-10-26_2,0
cat__race_id_2024-11-17_5,0
cat__race_id_2024-11-17_4,0
cat__race_id_2024-11-17_1,0
cat__race_id_2024-11-16_6,0
cat__race_id_2024-11-16_4,0
cat__race_id_2024-11-16_2,0
cat__race_id_2024-11-16_10,0
cat__race_id_2024-11-16_1,0
cat__race_id_2024-11-10_8,0
cat__race_id_2024-11-10_2,0
cat__race_id_2024-11-10_1,0
cat__race_id_2024-11-09_6,0
cat__race_id_2024-11-09_4,0
cat__race_id_2024-11-09_2,0
cat__race_id_2024-11-09_11,0
cat__race_id_2024-11-09_1,0
cat__race_id_2024-11-30_10,0
cat__race_id_2024-11-30_1,0
cat__race_id_2024-11-24_9,0
cat__race_id_2024-11-24_8,0
cat__race_id_2024-11-24_2,0
cat__race_id_2024-11-24_11,0
cat__race_id_2024-11-24_10,0
cat__race_id_2024-11-24_1,0
cat__race_id_2024-11-23_5,0
cat__race_id_2024-11-23_2,0
cat__race_id_2024-11-23_10,0
cat__race_id_2024-11-23_1,0
cat__race_id_2024-11-17_9,0
cat__race_id_2024-11-17_8,0
cat__race_id_2024-11-17_7,0
cat__race_id_2024-11-17_6,0
cat__race_id_2024-12-14_1,0
cat__race_id_2024-12-08_8,0
cat__race_id_2024-12-08_6,0
cat__race_id_2024-12-08_4,0
cat__race_id_2024-12-08_10,0
cat__race_id_2024-12-08_1,0
cat__race_id_2024-12-07_9,0
cat__race_id_2024-12-07_1,0
cat__race_id_2024-12-01_6,0
cat__race_id_2024-12-01_5,0
cat__race_id_2024-12-01_3,0
cat__race_id_2024-12-01_2,0
cat__race_id_2024-12-01_1,0
cat__race_id_2024-11-30_6,0
cat__race_id_2024-11-30_2,0
cat__race_id_2024-11-30_11,0
cat__race_id_2024-12-21_2,0
cat__race_id_2024-12-21_11,0
cat__race_id_2024-12-21_10,0
cat__race_id_2024-12-21_1,0
cat__race_id_2024-12-15_4,0
cat__race_id_2024-12-15_3,0
cat__race_id_2024-12-15_2,0
cat__race_id_2024-12-15_1,0
cat__race_id_2024-12-14_9,0
cat__race_id_2024-12-14_8,0
cat__race_id_2024-12-14_6,0
cat__race_id_2024-12-14_5,0
cat__race_id_2024-12-14_3,0
cat__race_id_2024-12-14_2,0
cat__race_id_2024-12-14_11,0
cat__race_id_2024-12-14_10,0
cat__race_id_2024-12-28_6,0
cat__race_id_2024-12-28_5,0
cat__race_id_2024-12-28_4,0
cat__race_id_2024-12-28_2,0
cat__race_id_2024-12-28_12,0
cat__race_id_2024-12-28_11,0
cat__race_id_2024-12-28_1,0
cat__race_id_2024-12-22_9,0
cat__race_id_2024-12-22_6,0
cat__race_id_2024-12-22_4,0
cat__race_id_2024-12-22_3,0
cat__race_id_2024-12-22_10,0
cat__race_id_2024-12-22_1,0
cat__race_id_2024-12-21_7,0
cat__race_id_2024-12-21_5,0
cat__race_id_2024-12-21_3,0
cat__race_id_2025-01-04_6,0
cat__race_id_2025-01-04_2,0
cat__race_id_2025-01-04_10,0
cat__race_id_2025-01-04_1,0
cat__race_id_2024-12-29_8,0
cat__race_id_2024-12-29_7,0
cat__race_id_2024-12-29_6,0
cat__race_id_2024-12-29_5,0
cat__race_id_2024-12-29_4,0
cat__race_id_2024-12-29_3,0
cat__race_id_2024-12-29_2,0
cat__race_id_2024-12-29_11,0
cat__race_id_2024-12-29_10,0
cat__race_id_2024-12-29_1,0
cat__race_id_2024-12-28_9,0
cat__race_id_2024-12-28_8,0
cat__race_id_2025-01-11_8,0
cat__race_id_2025-01-11_7,0
cat__race_id_2025-01-11_6,0
cat__race_id_2025-01-11_5,0
cat__race_id_2025-01-11_4,0
cat__race_id_2025-01-11_3,0
cat__race_id_2025-01-11_2,0
cat__race_id_2025-01-11_10,0
cat__race_id_2025-01-11_1,0
cat__race_id_2025-01-05_9,0
cat__race_id_2025-01-05_6,0
cat__race_id_2025-01-05_2,0
cat__race_id_2025-01-05_11,0
cat__race_id_2025-01-05_1,0
cat__race_id_2025-01-04_9,0
cat__race_id_2025-01-04_8,0
cat__race_id_2025-01-19_1,0
cat__race_id_2025-01-18_9,0
cat__race_id_2025-01-18_8,0
cat__race_id_2025-01-18_7,0
cat__race_id_2025-01-18_6,0
cat__race_id_2025-01-18_5,0
cat__race_id_2025-01-18_4,0
cat__race_id_2025-01-18_2,0
cat__race_id_2025-01-18_1,0
cat__race_id_2025-01-12_6,0
cat__race_id_2025-01-12_4,0
cat__race_id_2025-01-12_3,0
cat__race_id_2025-01-12_11,0
cat__race_id_2025-01-12_10,0
cat__race_id_2025-01-12_1,0
cat__race_id_2025-01-11_9,0
cat__race_id_2025-01-25_6,0
cat__race_id_2025-01-25_5,0
cat__race_id_2025-01-25_4,0
cat__race_id_2025-01-25_3,0
cat__race_id_2025-01-25_2,0
cat__race_id_2025-01-25_11,0
cat__race_id_2025-01-25_10,0
cat__race_id_2025-01-25_1,0
cat__race_id_2025-01-19_8,0
cat__race_id_2025-01-19_7,0
cat__race_id_2025-01-19_6,0
cat__race_id_2025-01-19_4,0
cat__race_id_2025-01-19_3,0
cat__race_id_2025-01-19_2,0
cat__race_id_2025-01-19_11,0
cat__race_id_2025-01-19_10,0
cat__race_id_2025-02-08_5,0
cat__race_id_2025-02-08_4,0
cat__race_id_2025-02-08_2,0
cat__race_id_2025-02-08_10,0
cat__race_id_2025-02-08_1,0
cat__race_id_2025-01-26_9,0
cat__race_id_2025-01-26_8,0
cat__race_id_2025-01-26_7,0
cat__race_id_2025-01-26_6,0
cat__race_id_2025-01-26_4,0
cat__race_id_2025-01-26_3,0
cat__race_id_2025-01-26_2,0
cat__race_id_2025-01-26_10,0
cat__race_id_2025-01-25_9,0
cat__race_id_2025-01-25_8,0
cat__race_id_2025-01-25_7,0
cat__race_id_2025-02-15_3,0
cat__race_id_2025-02-15_2,0
cat__race_id_2025-02-15_11,0
cat__race_id_2025-02-15_10,0
cat__race_id_2025-02-15_1,0
cat__race_id_2025-02-09_9,0
cat__race_id_2025-02-09_8,0
cat__race_id_2025-02-09_5,0
cat__race_id_2025-02-09_4,0
cat__race_id_2025-02-09_3,0
cat__race_id_2025-02-09_2,0
cat__race_id_2025-02-09_11,0
cat__race_id_2025-02-09_1,0
cat__race_id_2025-02-08_9,0
cat__race_id_2025-02-08_8,0
cat__race_id_2025-02-08_6,0
cat__race_id_2025-02-22_2,0
cat__race_id_2025-02-22_11,0
cat__race_id_2025-02-22_1,0
cat__race_id_2025-02-16_9,0
cat__race_id_2025-02-16_7,0
cat__race_id_2025-02-16_6,0
cat__race_id_2025-02-16_5,0
cat__race_id_2025-02-16_4,0
cat__race_id_2025-02-16_3,0
cat__race_id_2025-02-16_2,0
cat__race_id_2025-02-16_11,0
cat__race_id_2025-02-15_9,0
cat__race_id_2025-02-15_8,0
cat__race_id_2025-02-15_7,0
cat__race_id_2025-02-15_6,0
cat__race_id_2025-02-15_4,0
cat__race_id_2025-03-01_4,0
cat__race_id_2025-03-01_10,0
cat__race_id_2025-03-01_1,0
cat__race_id_2025-02-23_9,0
cat__race_id_2025-02-23_8,0
cat__race_id_2025-02-23_7,0
cat__race_id_2025-02-23_6,0
cat__race_id_2025-02-23_5,0
cat__race_id_2025-02-23_3,0
cat__race_id_2025-02-23_2,0
cat__race_id_2025-02-23_11,0
cat__race_id_2025-02-23_1,0
cat__race_id_2025-02-22_9,0
cat__race_id_2025-02-22_7,0
cat__race_id_2025-02-22_5,0
cat__race_id_2025-02-22_3,0
cat__race_id_2025-03-08_5,0
cat__race_id_2025-03-08_4,0
cat__race_id_2025-03-08_3,0
cat__race_id_2025-03-08_2,0
cat__race_id_2025-03-08_1,0
cat__race_id_2025-03-02_9,0
cat__race_id_2025-03-02_8,0
cat__race_id_2025-03-02_7,0
cat__race_id_2025-03-02_6,0
cat__race_id_2025-03-02_5,0
cat__race_id_2025-03-02_4,0
cat__race_id_2025-03-02_3,0
cat__race_id_2025-03-02_1,0
cat__race_id_2025-03-01_8,0
cat__race_id_2025-03-01_7,0
cat__race_id_2025-03-01_5,0
cat__race_id_2025-03-15_4,0
cat__race_id_2025-03-15_3,0
cat__race_id_2025-03-15_2,0
cat__race_id_2025-03-15_10,0
cat__race_id_2025-03-15_1,0
cat__race_id_2025-03-09_9,0
cat__race_id_2025-03-09_7,0
cat__race_id_2025-03-09_6,0
cat__race_id_2025-03-09_4,0
cat__race_id_2025-03-09_2,0
cat__race_id_2025-03-09_11,0
cat__race_id_2025-03-09_1,0
cat__race_id_2025-03-08_9,0
cat__race_id_2025-03-08_8,0
cat__race_id_2025-03-08_7,0
cat__race_id_2025-03-08_6,0
cat__race_id_2025-03-23_1,0
cat__race_id_2025-03-22_9,0
cat__race_id_2025-03-22_7,0
cat__race_id_2025-03-22_6,0
cat__race_id_2025-03-22_5,0
cat__race_id_2025-03-22_4,0
cat__race_id_2025-03-22_3,0
cat__race_id_2025-03-22_2,0
cat__race_id_2025-03-16_9,0
cat__race_id_2025-03-16_7,0
cat__race_id_2025-03-16_6,0
cat__race_id_2025-03-16_2,0
cat__race_id_2025-03-16_11,0
cat__race_id_2025-03-16_10,0
cat__race_id_2025-03-15_8,0
cat__race_id_2025-03-15_5,0
cat__race_id_2025-03-29_9,0
cat__race_id_2025-03-29_8,0
cat__race_id_2025-03-29_7,0
cat__race_id_2025-03-29_6,0
cat__race_id_2025-03-29_5,0
cat__race_id_2025-03-29_4,0
cat__race_id_2025-03-29_2,0
cat__race_id_2025-03-29_10,0
cat__race_id_2025-03-23_9,0
cat__race_id_2025-03-23_7,0
cat__race_id_2025-03-23_6,0
cat__race_id_2025-03-23_5,0
cat__race_id_2025-03-23_4,0
cat__race_id_2025-03-23_2,0
cat__race_id_2025-03-23_11,0
cat__race_id_2025-03-23_10,0
cat__race_id_2025-04-05_7,0
cat__race_id_2025-04-05_6,0
cat__race_id_2025-04-05_4,0
cat__race_id_2025-04-05_2,0
cat__race_id_2025-04-05_10,0
cat__race_id_2025-04-05_1,0
cat__race_id_2025-03-30_9,0
cat__race_id_2025-03-30_8,0
cat__race_id_2025-03-30_7,0
cat__race_id_2025-03-30_5,0
cat__race_id_2025-03-30_4,0
cat__race_id_2025-03-30_3,0
cat__race_id_2025-03-30_2,0
cat__race_id_2025-03-30_11,0
cat__race_id_2025-03-30_10,0
cat__race_id_2025-03-30_1,0
cat__race_id_2025-04-12_9,0
cat__race_id_2025-04-12_7,0
cat__race_id_2025-04-12_5,0
cat__race_id_2025-04-12_4,0
cat__race_id_2025-04-12_2,0
cat__race_id_2025-04-12_10,0
cat__race_id_2025-04-12_1,0
cat__race_id_2025-04-06_8,0
cat__race_id_2025-04-06_6,0
cat__race_id_2025-04-06_5,0
cat__race_id_2025-04-06_4,0
cat__race_id_2025-04-06_3,0
cat__race_id_2025-04-06_2,0
cat__race_id_2025-04-06_11,0
cat__race_id_2025-04-06_10,0
cat__race_id_2025-04-05_8,0
cat__race_id_2025-04-19_8,0
cat__race_id_2025-04-19_7,0
cat__race_id_2025-04-19_6,0
cat__race_id_2025-04-19_5,0
cat__race_id_2025-04-19_4,0
cat__race_id_2025-04-19_3,0
cat__race_id_2025-04-19_2,0
cat__race_id_2025-04-19_10,0
cat__race_id_2025-04-19_1,0
cat__race_id_2025-04-13_9,0
cat__race_id_2025-04-13_6,0
cat__race_id_2025-04-13_4,0
cat__race_id_2025-04-13_3,0
cat__race_id_2025-04-13_11,0
cat__race_id_2025-04-13_10,0
cat__race_id_2025-04-13_1,0
cat__race_id_2025-04-26_6,0
cat__race_id_2025-04-26_5,0
cat__race_id_2025-04-26_4,0
cat__race_id_2025-04-26_3,0
cat__race_id_2025-04-26_2,0
cat__race_id_2025-04-26_1,0
cat__race_id_2025-04-20_9,0
cat__race_id_2025-04-20_8,0
cat__race_id_2025-04-20_6,0
cat__race_id_2025-04-20_5,0
cat__race_id_2025-04-20_4,0
cat__race_id_2025-04-20_2,0
cat__race_id_2025-04-20_11,0
cat__race_id_2025-04-20_10,0
cat__race_id_2025-04-20_1,0
cat__race_id_2025-04-19_9,0
cat__race_id_2025-05-03_4,0
cat__race_id_2025-05-03_3,0
cat__race_id_2025-05-03_10,0
cat__race_id_2025-05-03_1,0
cat__race_id_2025-04-27_9,0
cat__race_id_2025-04-27_8,0
cat__race_id_2025-04-27_7,0
cat__race_id_2025-04-27_6,0
cat__race_id_2025-04-27_5,0
cat__race_id_2025-04-27_3,0
cat__race_id_2025-04-27_2,0
cat__race_id_2025-04-27_11,0
cat__race_id_2025-04-27_10,0
cat__race_id_2025-04-27_1,0
cat__race_id_2025-04-26_9,0
cat__race_id_2025-04-26_7,0
cat__race_id_2025-05-10_4,0
cat__race_id_2025-05-10_2,0
cat__race_id_2025-05-10_10,0
cat__race_id_2025-05-04_9,0
cat__race_id_2025-05-04_8,0
cat__race_id_2025-05-04_7,0
cat__race_id_2025-05-04_5,0
cat__race_id_2025-05-04_4,0
cat__race_id_2025-05-04_3,0
cat__race_id_2025-05-04_2,0
cat__race_id_2025-05-04_11,0
cat__race_id_2025-05-04_10,0
cat__race_id_2025-05-04_1,0
cat__race_id_2025-05-03_8,0
cat__race_id_2025-05-03_6,0
cat__race_id_2025-05-03_5,0
cat__race_id_2025-05-17_4,0
cat__race_id_2025-05-17_3,0
cat__race_id_2025-05-17_2,0
cat__race_id_2025-05-17_10,0
cat__race_id_2025-05-17_1,0
cat__race_id_2025-05-11_9,0
cat__race_id_2025-05-11_8,0
cat__race_id_2025-05-11_4,0
cat__race_id_2025-05-11_3,0
cat__race_id_2025-05-11_2,0
cat__race_id_2025-05-11_11,0
cat__race_id_2025-05-11_10,0
cat__race_id_2025-05-11_1,0
cat__race_id_2025-05-10_9,0
cat__race_id_2025-05-10_8,0
cat__race_id_2025-05-10_5,0
cat__race_id_2025-05-24_10,0
cat__race_id_2025-05-24_1,0
cat__race_id_2025-05-18_9,0
cat__race_id_2025-05-18_8,0
cat__race_id_2025-05-18_7,0
cat__race_id_2025-05-18_6,0
cat__race_id_2025-05-18_5,0
cat__race_id_2025-05-18_4,0
cat__race_id_2025-05-18_3,0
cat__race_id_2025-05-18_2,0
cat__race_id_2025-05-18_11,0
cat__race_id_2025-05-18_10,0
cat__race_id_2025-05-17_8,0
cat__race_id_2025-05-17_7,0
cat__race_id_2025-05-17_6,0
cat__race_id_2025-05-17_5,0
cat__race_id_2025-05-25_9,0
cat__race_id_2025-05-25_8,0
cat__race_id_2025-05-25_7,0
cat__race_id_2025-05-25_6,0
cat__race_id_2025-05-25_5,0
cat__race_id_2025-05-25_3,0
cat__race_id_2025-05-25_2,0
cat__race_id_2025-05-25_11,0
cat__race_id_2025-05-25_10,0
cat__race_id_2025-05-25_1,0
cat__race_id_2025-05-24_9,0
cat__race_id_2025-05-24_8,0
cat__race_id_2025-05-24_7,0
cat__race_id_2025-05-24_4,0
cat__race_id_2025-05-24_3,0
cat__race_id_2025-05-24_2,0
cat__race_id_2025-06-01_8,0
cat__race_id_2025-06-01_6,0
cat__race_id_2025-06-01_5,0
cat__race_id_2025-06-01_4,0
cat__race_id_2025-06-01_2,0
cat__race_id_2025-06-01_11,0
cat__race_id_2025-06-01_10,0
cat__race_id_2025-06-01_1,0
cat__race_id_2025-05-31_9,0
cat__race_id_2025-05-31_7,0
cat__race_id_2025-05-31_6,0
cat__race_id_2025-05-31_5,0
cat__race_id_2025-05-31_3,0
cat__race_id_2025-05-31_2,0
cat__race_id_2025-05-31_10,0
cat__race_id_2025-05-31_1,0
cat__race_id_2025-06-14_3,0
cat__race_id_2025-06-14_2,0
cat__race_id_2025-06-14_1,0
cat__race_id_2025-06-08_9,0
cat__race_id_2025-06-08_8,0
cat__race_id_2025-06-08_6,0
cat__race_id_2025-06-08_5,0
cat__race_id_2025-06-08_4,0
cat__race_id_2025-06-08_3,0
cat__race_id_2025-06-08_2,0
cat__race_id_2025-06-08_1,0
cat__race_id_2025-06-07_9,0
cat__race_id_2025-06-07_8,0
cat__race_id_2025-06-07_6,0
cat__race_id_2025-06-07_5,0
cat__race_id_2025-06-07_3,0
cat__race_id_2025-06-15_9,0
cat__race_id_2025-06-15_7,0
cat__race_id_2025-06-15_6,0
cat__race_id_2025-06-15_5,0
cat__race_id_2025-06-15_4,0
cat__race_id_2025-06-15_3,0
cat__race_id_2025-06-15_2,0
cat__race_id_2025-06-15_11,0
cat__race_id_2025-06-15_10,0
cat__race_id_2025-06-15_1,0
cat__race_id_2025-06-14_9,0
cat__race_id_2025-06-14_8,0
cat__race_id_2025-06-14_7,0
cat__race_id_2025-06-14_6,0
cat__race_id_2025-06-14_5,0
cat__race_id_2025-06-14_4,0
cat__race_id_2025-06-22_9,0
cat__race_id_2025-06-22_8,0
cat__race_id_2025-06-22_7,0
cat__race_id_2025-06-22_6,0
cat__race_id_2025-06-22_5,0
cat__race_id_2025-06-22_4,0
cat__race_id_2025-06-22_3,0
cat__race_id_2025-06-22_2,0
cat__race_id_2025-06-22_10,0
cat__race_id_2025-06-22_1,0
cat__race_id_2025-06-21_9,0
cat__race_id_2025-06-21_8,0
cat__race_id_2025-06-21_5,0
cat__race_id_2025-06-21_4,0
cat__race_id_2025-06-21_2,0
cat__race_id_2025-06-21_1,0
cat__race_id_2025-06-29_8,0
cat__race_id_2025-06-29_6,0
cat__race_id_2025-06-29_5,0
cat__race_id_2025-06-29_3,0
cat__race_id_2025-06-29_2,0
cat__race_id_2025-06-29_11,0
cat__race_id_2025-06-29_10,0
cat__race_id_2025-06-29_1,0
cat__race_id_2025-06-28_9,0
cat__race_id_2025-06-28_8,0
cat__race_id_2025-06-28_7,0
cat__race_id_2025-06-28_6,0
cat__race_id_2025-06-28_5,0
cat__race_id_2025-06-28_4,0
cat__race_id_2025-06-28_2,0
cat__race_id_2025-06-28_1,0
cat__race_id_2025-07-06_6,0
cat__race_id_2025-07-06_5,0
cat__race_id_2025-07-06_3,0
cat__race_id_2025-07-06_2,0
cat__race_id_2025-07-06_11,0
cat__race_id_2025-07-06_1,0
cat__race_id_2025-07-05_9,0
cat__race_id_2025-07-05_8,0
cat__race_id_2025-07-05_7,0
cat__race_id_2025-07-05_6,0
cat__race_id_2025-07-05_5,0
cat__race_id_2025-07-05_4,0
cat__race_id_2025-07-05_3,0
cat__race_id_2025-07-05_2,0
cat__race_id_2025-07-05_1,0
cat__race_id_2025-06-29_9,0
cat__race_id_2025-07-13_8,0
cat__race_id_2025-07-13_7,0
cat__race_id_2025-07-13_6,0
cat__race_id_2025-07-13_5,0
cat__race_id_2025-07-13_3,0
cat__race_id_2025-07-13_2,0
cat__race_id_2025-07-13_11,0
cat__race_id_2025-07-13_10,0
cat__race_id_2025-07-12_8,0
cat__race_id_2025-07-12_7,0
cat__race_id_2025-07-12_4,0
cat__race_id_2025-07-12_3,0
cat__race_id_2025-07-12_2,0
cat__race_id_2025-07-12_1,0
cat__race_id_2025-07-06_9,0
cat__race_id_2025-07-06_7,0
cat__race_id_2025-07-20_4,0
cat__race_id_2025-07-20_3,0
cat__race_id_2025-07-20_2,0
cat__race_id_2025-07-20_11,0
cat__race_id_2025-07-20_10,0
cat__race_id_2025-07-20_1,0
cat__race_id_2025-07-19_9,0
cat__race_id_2025-07-19_8,0
cat__race_id_2025-07-19_7,0
cat__race_id_2025-07-19_6,0
cat__race_id_2025-07-19_5,0
cat__race_id_2025-07-19_4,0
cat__race_id_2025-07-19_3,0
cat__race_id_2025-07-19_2,0
cat__race_id_2025-07-19_1,0
cat__race_id_2025-07-13_9,0
cat__race_id_2025-07-27_11,0
cat__race_id_2025-07-27_10,0
cat__race_id_2025-07-27_1,0
cat__race_id_2025-07-26_9,0
cat__race_id_2025-07-26_8,0
cat__race_id_2025-07-26_7,0
cat__race_id_2025-07-26_6,0
cat__race_id_2025-07-26_5,0
cat__race_id_2025-07-26_4,0
cat__race_id_2025-07-26_3,0
cat__race_id_2025-07-26_2,0
cat__race_id_2025-07-26_1,0
cat__race_id_2025-07-20_9,0
cat__race_id_2025-07-20_8,0
cat__race_id_2025-07-20_7,0
cat__race_id_2025-07-20_5,0
cat__race_id_2025-08-02_7,0
cat__race_id_2025-08-02_6,0
cat__race_id_2025-08-02_5,0
cat__race_id_2025-08-02_4,0
cat__race_id_2025-08-02_3,0
cat__race_id_2025-08-02_2,0
cat__race_id_2025-08-02_1,0
cat__race_id_2025-07-27_9,0
cat__race_id_2025-07-27_7,0
cat__race_id_2025-07-27_6,0
cat__race_id_2025-07-27_5,0
cat__race_id_2025-07-27_4,0
cat__race_id_2025-07-27_2,0
cat__race_id_2025-07-27_14,0
cat__race_id_2025-07-27_13,0
cat__race_id_2025-07-27_12,0
cat__race_id_2025-08-16_4,0
cat__race_id_2025-08-16_3,0
cat__race_id_2025-08-16_2,0
cat__race_id_2025-08-16_1,0
cat__race_id_2025-08-03_9,0
cat__race_id_2025-08-03_8,0
cat__race_id_2025-08-03_7,0
cat__race_id_2025-08-03_4,0
cat__race_id_2025-08-03_3,0
cat__race_id_2025-08-03_2,0
cat__race_id_2025-08-03_14,0
cat__race_id_2025-08-03_13,0
cat__race_id_2025-08-03_12,0
cat__race_id_2025-08-03_10,0
cat__race_id_2025-08-03_1,0
cat__race_id_2025-08-02_8,0
cat__race_id_2025-08-23_1,0
cat__race_id_2025-08-17_9,0
cat__race_id_2025-08-17_8,0
cat__race_id_2025-08-17_7,0
cat__race_id_2025-08-17_6,0
cat__race_id_2025-08-17_5,0
cat__race_id_2025-08-17_4,0
cat__race_id_2025-08-17_3,0
cat__race_id_2025-08-17_2,0
cat__race_id_2025-08-17_11,0
cat__race_id_2025-08-17_10,0
cat__race_id_2025-08-17_1,0
cat__race_id_2025-08-16_8,0
cat__race_id_2025-08-16_7,0
cat__race_id_2025-08-16_6,0
cat__race_id_2025-08-16_5,0
cat__race_id_2025-08-24_5,0
cat__race_id_2025-08-24_4,0
cat__race_id_2025-08-24_3,0
cat__race_id_2025-08-24_2,0
cat__race_id_2025-08-24_11,0
cat__race_id_2025-08-24_10,0
cat__race_id_2025-08-24_1,0
cat__race_id_2025-08-23_9,0
cat__race_id_2025-08-23_8,0
cat__race_id_2025-08-23_7,0
cat__race_id_2025-08-23_6,0
cat__race_id_2025-08-23_5,0
cat__race_id_2025-08-23_4,0
cat__race_id_2025-08-23_3,0
cat__race_id_2025-08-23_2,0
cat__race_id_2025-08-23_10,0
cat__race_id_2025-08-31_10,0
cat__race_id_2025-08-31_1,0
cat__race_id_2025-08-30_9,0
cat__race_id_2025-08-30_8,0
cat__race_id_2025-08-30_7,0
cat__race_id_2025-08-30_6,0
cat__race_id_2025-08-30_5,0
cat__race_id_2025-08-30_4,0
cat__race_id_2025-08-30_3,0
cat__race_id_2025-08-30_2,0
cat__race_id_2025-08-30_10,0
cat__race_id_2025-08-30_1,0
cat__race_id_2025-08-24_9,0
cat__race_id_2025-08-24_8,0
cat__race_id_2025-08-24_7,0
cat__race_id_2025-08-24_6,0
cat__race_id_2025-09-06_9,0
cat__race_id_2025-09-06_8,0
cat__race_id_2025-09-06_5,0
cat__race_id_2025-09-06_3,0
cat__race_id_2025-09-06_2,0
cat__race_id_2025-09-06_11,0
cat__race_id_2025-09-06_10,0
cat__race_id_2025-09-06_1,0
cat__race_id_2025-08-31_9,0
cat__race_id_2025-08-31_8,0
cat__race_id_2025-08-31_7,0
cat__race_id_2025-08-31_6,0
cat__race_id_2025-08-31_4,0
cat__race_id_2025-08-31_3,0
cat__race_id_2025-08-31_2,0
cat__race_id_2025-08-31_11,0
cat__race_id_2025-09-13_7,0
cat__race_id_2025-09-13_6,0
cat__race_id_2025-09-13_5,0
cat__race_id_2025-09-13_4,0
cat__race_id_2025-09-13_3,0
cat__race_id_2025-09-13_2,0
cat__race_id_2025-09-13_10,0
cat__race_id_2025-09-13_1,0
cat__race_id_2025-09-07_9,0
cat__race_id_2025-09-07_6,0
cat__race_id_2025-09-07_5,0
cat__race_id_2025-09-07_4,0
cat__race_id_2025-09-07_3,0
cat__race_id_2025-09-07_2,0
cat__race_id_2025-09-07_10,0
cat__race_id_2025-09-07_1,0
cat__race_id_2025-09-20_4,0
cat__race_id_2025-09-20_3,0
cat__race_id_2025-09-20_2,0
cat__race_id_2025-09-20_10,0
cat__race_id_2025-09-20_1,0
cat__race_id_2025-09-14_9,0
cat__race_id_2025-09-14_8,0
cat__race_id_2025-09-14_7,0
cat__race_id_2025-09-14_6,0
cat__race_id_2025-09-14_5,0
cat__race_id_2025-09-14_4,0
cat__race_id_2025-09-14_3,0
cat__race_id_2025-09-14_11,0
cat__race_id_2025-09-14_10,0
cat__race_id_2025-09-14_1,0
cat__race_id_2025-09-13_8,0
cat__race_id_2025-09-27_1,0
cat__race_id_2025-09-21_9,0
cat__race_id_2025-09-21_7,0
cat__race_id_2025-09-21_6,0
cat__race_id_2025-09-21_5,0
cat__race_id_2025-09-21_4,0
cat__race_id_2025-09-21_3,0
cat__race_id_2025-09-21_2,0
cat__race_id_2025-09-21_11,0
cat__race_id_2025-09-21_10,0
cat__race_id_2025-09-21_1,0
cat__race_id_2025-09-20_9,0
cat__race_id_2025-09-20_8,0
cat__race_id_2025-09-20_7,0
cat__race_id_2025-09-20_6,0
cat__race_id_2025-09-20_5,0
cat__race_id_2025-09-28_5,0
cat__race_id_2025-09-28_4,0
cat__race_id_2025-09-28_3,0
cat__race_id_2025-09-28_2,0
cat__race_id_2025-09-28_11,0
cat__race_id_2025-09-28_10,0
cat__race_id_2025-09-28_1,0
cat__race_id_2025-09-27_9,0
cat__race_id_2025-09-27_8,0
cat__race_id_2025-09-27_7,0
cat__race_id_2025-09-27_6,0
cat__race_id_2025-09-27_5,0
cat__race_id_2025-09-27_4,0
cat__race_id_2025-09-27_3,0
cat__race_id_2025-09-27_2,0
cat__race_id_2025-09-27_10,0
cat__race_id_2025-10-04_1,0
cat__race_id_2025-10-03_9,0
cat__race_id_2025-10-03_8,0
cat__race_id_2025-10-03_7,0
cat__race_id_2025-10-03_6,0
cat__race_id_2025-10-03_5,0
cat__race_id_2025-10-03_4,0
cat__race_id_2025-10-03_3,0
cat__race_id_2025-10-03_2,0
cat__race_id_2025-10-03_11,0
cat__race_id_2025-10-03_10,0
cat__race_id_2025-10-03_1,0
cat__race_id_2025-09-28_9,0
cat__race_id_2025-09-28_8,0
cat__race_id_2025-09-28_7,0
cat__race_id_2025-09-28_6,0
cat__race_id_2025-10-18_4,0
cat__race_id_2025-10-18_3,0
cat__race_id_2025-10-18_2,0
cat__race_id_2025-10-18_11,0
cat__race_id_2025-10-18_10,0
cat__race_id_2025-10-18_1,0
cat__race_id_2025-10-04_9,0
cat__race_id_2025-10-04_8,0
cat__race_id_2025-10-04_7,0
cat__race_id_2025-10-04_6,0
cat__race_id_2025-10-04_5,0
cat__race_id_2025-10-04_4,0
cat__race_id_2025-10-04_3,0
cat__race_id_2025-10-04_2,0
cat__race_id_2025-10-04_11,0
cat__race_id_2025-10-04_10,0
cat__race_id_2025-10-25_1,0
cat__race_id_2025-10-19_9,0
cat__race_id_2025-10-19_7,0
cat__race_id_2025-10-19_6,0
cat__race_id_2025-10-19_5,0
cat__race_id_2025-10-19_4,0
cat__race_id_2025-10-19_3,0
cat__race_id_2025-10-19_2,0
cat__race_id_2025-10-19_11,0
cat__race_id_2025-10-19_10,0
cat__race_id_2025-10-19_1,0
cat__race_id_2025-10-18_9,0
cat__race_id_2025-10-18_8,0
cat__race_id_2025-10-18_7,0
cat__race_id_2025-10-18_6,0
cat__race_id_2025-10-18_5,0
cat__race_id_2025-10-26_4,0
cat__race_id_2025-10-26_3,0
cat__race_id_2025-10-26_2,0
cat__race_id_2025-10-26_11,0
cat__race_id_2025-10-26_10,0
cat__race_id_2025-10-26_1,0
cat__race_id_2025-10-25_9,0
cat__race_id_2025-10-25_8,0
cat__race_id_2025-10-25_7,0
cat__race_id_2025-10-25_6,0
cat__race_id_2025-10-25_5,0
cat__race_id_2025-10-25_4,0
cat__race_id_2025-10-25_3,0
cat__race_id_2025-10-25_2,0
cat__race_id_2025-10-25_11,0
cat__race_id_2025-10-25_10,0
cat__race_id_2025-11-01_9,0
cat__race_id_2025-11-01_8,0
cat__race_id_2025-11-01_7,0
cat__race_id_2025-11-01_6,0
cat__race_id_2025-11-01_5,0
cat__race_id_2025-11-01_4,0
cat__race_id_2025-11-01_3,0
cat__race_id_2025-11-01_2,0
cat__race_id_2025-11-01_11,0
cat__race_id_2025-11-01_10,0
cat__race_id_2025-11-01_1,0
cat__race_id_2025-10-26_9,0
cat__race_id_2025-10-26_8,0
cat__race_id_2025-10-26_7,0
cat__race_id_2025-10-26_6,0
cat__race_id_2025-10-26_5,0
cat__race_id_2025-11-08_3,0
cat__race_id_2025-11-08_2,0
cat__race_id_2025-11-08_11,0
cat__race_id_2025-11-08_10,0
cat__race_id_2025-11-08_1,0
cat__race_id_2025-11-02_9,0
cat__race_id_2025-11-02_8,0
cat__race_id_2025-11-02_7,0
cat__race_id_2025-11-02_6,0
cat__race_id_2025-11-02_5,0
cat__race_id_2025-11-02_4,0
cat__race_id_2025-11-02_3,0
cat__race_id_2025-11-02_2,0
cat__race_id_2025-11-02_11,0
cat__race_id_2025-11-02_10,0
cat__race_id_2025-11-02_1,0
cat__race_id_2025-11-09_8,0
cat__race_id_2025-11-09_7,0
cat__race_id_2025-11-09_6,0
cat__race_id_2025-11-09_5,0
cat__race_id_2025-11-09_4,0
cat__race_id_2025-11-09_3,0
cat__race_id_2025-11-09_2,0
cat__race_id_2025-11-09_11,0
cat__race_id_2025-11-09_10,0
cat__race_id_2025-11-09_1,0
cat__race_id_2025-11-08_9,0
cat__race_id_2025-11-08_8,0
cat__race_id_2025-11-08_7,0
cat__race_id_2025-11-08_6,0
cat__race_id_2025-11-08_5,0
cat__race_id_2025-11-08_4,0
cat__race_id_2025-11-16_2,0
cat__race_id_2025-11-16_11,0
cat__race_id_2025-11-16_10,0
cat__race_id_2025-11-16_1,0
cat__race_id_2025-11-15_9,0
cat__race_id_2025-11-15_8,0
cat__race_id_2025-11-15_7,0
cat__race_id_2025-11-15_6,0
cat__race_id_2025-11-15_5,0
cat__race_id_2025-11-15_4,0
cat__race_id_2025-11-15_3,0
cat__race_id_2025-11-15_2,0
cat__race_id_2025-11-15_11,0
cat__race_id_2025-11-15_10,0
cat__race_id_2025-11-15_1,0
cat__race_id_2025-11-09_9,0
cat__race_id_2025-11-22_7,0
cat__race_id_2025-11-22_6,0
cat__race_id_2025-11-22_5,0
cat__race_id_2025-11-22_4,0
cat__race_id_2025-11-22_3,0
cat__race_id_2025-11-22_2,0
cat__race_id_2025-11-22_11,0
cat__race_id_2025-11-22_10,0
cat__race_id_2025-11-22_1,0
cat__race_id_2025-11-16_9,0
cat__race_id_2025-11-16_8,0
cat__race_id_2025-11-16_7,0
cat__race_id_2025-11-16_6,0
cat__race_id_2025-11-16_5,0
cat__race_id_2025-11-16_4,0
cat__race_id_2025-11-16_3,0
cat__race_id_2025-11-29_11,0
cat__race_id_2025-11-29_10,0
cat__race_id_2025-11-29_1,0
cat__race_id_2025-11-23_9,0
cat__race_id_2025-11-23_8,0
cat__race_id_2025-11-23_7,0
cat__race_id_2025-11-23_6,0
cat__race_id_2025-11-23_5,0
cat__race_id_2025-11-23_4,0
cat__race_id_2025-11-23_3,0
cat__race_id_2025-11-23_2,0
cat__race_id_2025-11-23_11,0
cat__race_id_2025-11-23_10,0
cat__race_id_2025-11-23_1,0
cat__race_id_2025-11-22_9,0
cat__race_id_2025-11-22_8,0
cat__race_id_2025-11-30_6,0
cat__race_id_2025-11-30_5,0
cat__race_id_2025-11-30_4,0
cat__race_id_2025-11-30_3,0
cat__race_id_2025-11-30_2,0
cat__race_id_2025-11-30_11,0
cat__race_id_2025-11-30_10,0
cat__race_id_2025-11-30_1,0
cat__race_id_2025-11-29_9,0
cat__race_id_2025-11-29_8,0
cat__race_id_2025-11-29_7,0
cat__race_id_2025-11-29_6,0
cat__race_id_2025-11-29_5,0
cat__race_id_2025-11-29_4,0
cat__race_id_2025-11-29_3,0
cat__race_id_2025-11-29_2,0
cat__race_id_2025-12-07_2,0
cat__race_id_2025-12-07_11,0
cat__race_id_2025-12-07_10,0
cat__race_id_2025-12-07_1,0
cat__race_id_2025-12-06_9,0
cat__race_id_2025-12-06_8,0
cat__race_id_2025-12-06_7,0
cat__race_id_2025-12-06_6,0
cat__race_id_2025-12-06_5,0
cat__race_id_2025-12-06_4,0
cat__race_id_2025-12-06_3,0
cat__race_id_2025-12-06_11,0
cat__race_id_2025-12-06_10,0
cat__race_id_2025-12-06_1,0
cat__race_id_2025-11-30_9,0
cat__race_id_2025-11-30_7,0
cat__race_id_2025-12-13_7,0
cat__race_id_2025-12-13_6,0
cat__race_id_2025-12-13_5,0
cat__race_id_2025-12-13_4,0
cat__race_id_2025-12-13_3,0
cat__race_id_2025-12-13_2,0
cat__race_id_2025-12-13_11,0
cat__race_id_2025-12-13_10,0
cat__race_id_2025-12-13_1,0
cat__race_id_2025-12-07_9,0
cat__race_id_2025-12-07_8,0
cat__race_id_2025-12-07_7,0
cat__race_id_2025-12-07_6,0
cat__race_id_2025-12-07_5,0
cat__race_id_2025-12-07_4,0
cat__race_id_2025-12-07_3,0
cat__race_id_2025-12-20_11,0
cat__race_id_2025-12-20_10,0
cat__race_id_2025-12-20_1,0
cat__race_id_2025-12-14_9,0
cat__race_id_2025-12-14_8,0
cat__race_id_2025-12-14_7,0
cat__race_id_2025-12-14_6,0
cat__race_id_2025-12-14_5,0
cat__race_id_2025-12-14_4,0
cat__race_id_2025-12-14_3,0
cat__race_id_2025-12-14_2,0
cat__race_id_2025-12-14_11,0
cat__race_id_2025-12-14_10,0
cat__race_id_2025-12-14_1,0
cat__race_id_2025-12-13_9,0
cat__race_id_2025-12-13_8,0
cat__race_id_2025-12-21_6,0
cat__race_id_2025-12-21_5,0
cat__race_id_2025-12-21_4,0
cat__race_id_2025-12-21_3,0
cat__race_id_2025-12-21_2,0
cat__race_id_2025-12-21_11,0
cat__race_id_2025-12-21_10,0
cat__race_id_2025-12-21_1,0
cat__race_id_2025-12-20_9,0
cat__race_id_2025-12-20_8,0
cat__race_id_2025-12-20_7,0
cat__race_id_2025-12-20_6,0
cat__race_id_2025-12-20_5,0
cat__race_id_2025-12-20_4,0
cat__race_id_2025-12-20_3,0
cat__race_id_2025-12-20_2,0
cat__race_id_2025-12-28_10,0
cat__race_id_2025-12-28_1,0
cat__race_id_2025-12-27_9,0
cat__race_id_2025-12-27_8,0
cat__race_id_2025-12-27_7,0
cat__race_id_2025-12-27_6,0
cat__race_id_2025-12-27_5,0
cat__race_id_2025-12-27_4,0
cat__race_id_2025-12-27_3,0
cat__race_id_2025-12-27_2,0
cat__race_id_2025-12-27_11,0
cat__race_id_2025-12-27_10,0
cat__race_id_2025-12-27_1,0
cat__race_id_2025-12-21_9,0
cat__race_id_2025-12-21_8,0
cat__race_id_2025-12-21_7,0
cat__race_id_2026-01-03_5,0
cat__race_id_2026-01-03_4,0
cat__race_id_2026-01-03_3,0
cat__race_id_2026-01-03_2,0
cat__race_id_2026-01-03_11,0
cat__race_id_2026-01-03_10,0
cat__race_id_2026-01-03_1,0
cat__race_id_2025-12-28_9,0
cat__race_id_2025-12-28_8,0
cat__race_id_2025-12-28_7,0
cat__race_id_2025-12-28_6,0
cat__race_id_2025-12-28_5,0
cat__race_id_2025-12-28_4,0
cat__race_id_2025-12-28_3,0
cat__race_id_2025-12-28_2,0
cat__race_id_2025-12-28_11,0
cat__race_id_2026-01-10_10,0
cat__race_id_2026-01-10_1,0
cat__race_id_2026-01-04_9,0
cat__race_id_2026-01-04_8,0
cat__race_id_2026-01-04_7,0
cat__race_id_2026-01-04_6,0
cat__race_id_2026-01-04_5,0
cat__race_id_2026-01-04_4,0
cat__race_id_2026-01-04_3,0
cat__race_id_2026-01-04_2,0
cat__race_id_2026-01-04_10,0
cat__race_id_2026-01-04_1,0
cat__race_id_2026-01-03_9,0
cat__race_id_2026-01-03_8,0
cat__race_id_2026-01-03_7,0
cat__race_id_2026-01-03_6,0
cat__race_id_2026-01-11_6,0
cat__race_id_2026-01-11_5,0
cat__race_id_2026-01-11_4,0
cat__race_id_2026-01-11_3,0
cat__race_id_2026-01-11_2,0
cat__race_id_2026-01-11_10,0
cat__race_id_2026-01-11_1,0
cat__race_id_2026-01-10_9,0
cat__race_id_2026-01-10_8,0
cat__race_id_2026-01-10_7,0
cat__race_id_2026-01-10_6,0
cat__race_id_2026-01-10_5,0
cat__race_id_2026-01-10_4,0
cat__race_id_2026-01-10_3,0
cat__race_id_2026-01-10_2,0
cat__race_id_2026-01-10_11,0
cat__race_id_2026-01-18_10,0
cat__race_id_2026-01-18_1,0
cat__race_id_2026-01-17_9,0
cat__race_id_2026-01-17_8,0
cat__race_id_2026-01-17_7,0
cat__race_id_2026-01-17_6,0
cat__race_id_2026-01-17_5,0
cat__race_id_2026-01-17_4,0
cat__race_id_2026-01-17_3,0
cat__race_id_2026-01-17_2,0
cat__race_id_2026-01-17_11,0
cat__race_id_2026-01-17_10,0
cat__race_id_2026-01-17_1,0
cat__race_id_2026-01-11_9,0
cat__race_id_2026-01-11_8,0
cat__race_id_2026-01-11_7,0
cat__race_id_2026-01-24_6,0
cat__race_id_2026-01-24_5,0
cat__race_id_2026-01-24_4,0
cat__race_id_2026-01-24_3,0
cat__race_id_2026-01-24_2,0
cat__race_id_2026-01-24_11,0
cat__race_id_2026-01-24_10,0
cat__race_id_2026-01-24_1,0
cat__race_id_2026-01-18_9,0
cat__race_id_2026-01-18_8,0
cat__race_id_2026-01-18_7,0
cat__race_id_2026-01-18_6,0
cat__race_id_2026-01-18_5,0
cat__race_id_2026-01-18_4,0
cat__race_id_2026-01-18_3,0
cat__race_id_2026-01-18_2,0
cat__race_id_2026-01-31_11,0
cat__race_id_2026-01-31_10,0
cat__race_id_2026-01-31_1,0
cat__race_id_2026-01-25_9,0
cat__race_id_2026-01-25_8,0
cat__race_id_2026-01-25_7,0
cat__race_id_2026-01-25_6,0
cat__race_id_2026-01-25_5,0
cat__race_id_2026-01-25_4,0
cat__race_id_2026-01-25_3,0
cat__race_id_2026-01-25_2,0
cat__race_id_2026-01-25_10,0
cat__race_id_2026-01-25_1,0
cat__race_id_2026-01-24_9,0
cat__race_id_2026-01-24_8,0
cat__race_id_2026-01-24_7,0
cat__race_id_2026-02-01_7,0
cat__race_id_2026-02-01_6,0
cat__race_id_2026-02-01_5,0
cat__race_id_2026-02-01_4,0
cat__race_id_2026-02-01_3,0
cat__race_id_2026-02-01_2,0
cat__race_id_2026-02-01_10,0
cat__race_id_2026-02-01_1,0
cat__race_id_2026-01-31_9,0
cat__race_id_2026-01-31_8,0
cat__race_id_2026-01-31_7,0
cat__race_id_2026-01-31_6,0
cat__race_id_2026-01-31_5,0
cat__race_id_2026-01-31_4,0
cat__race_id_2026-01-31_3,0
cat__race_id_2026-01-31_2,0
cat__race_id_2026-02-08_2,0
cat__race_id_2026-02-08_10,0
cat__race_id_2026-02-08_1,0
cat__race_id_2026-02-07_9,0
cat__race_id_2026-02-07_8,0
cat__race_id_2026-02-07_7,0
cat__race_id_2026-02-07_6,0
cat__race_id_2026-02-07_5,0
cat__race_id_2026-02-07_4,0
cat__race_id_2026-02-07_3,0
cat__race_id_2026-02-07_2,0
cat__race_id_2026-02-07_11,0
cat__race_id_2026-02-07_10,0
cat__race_id_2026-02-07_1,0
cat__race_id_2026-02-01_9,0
cat__race_id_2026-02-01_8,0
cat__마명_내길의위너,0
cat__race_id_2026-02-14_6,0
cat__race_id_2026-02-14_5,0
cat__race_id_2026-02-14_4,0
cat__race_id_2026-02-14_3,0
cat__race_id_2026-02-14_2,0
cat__race_id_2026-02-14_11,0
cat__race_id_2026-02-14_10,0
cat__race_id_2026-02-14_1,0
cat__race_id_2026-02-08_9,0
cat__race_id_2026-02-08_8,0
cat__race_id_2026-02-08_7,0
cat__race_id_2026-02-08_6,0
cat__race_id_2026-02-08_5,0
cat__race_id_2026-02-08_4,0
cat__race_id_2026-02-28_9,0
cat__race_id_2026-02-14_7,0
cat__race_id_2026-02-28_2,0
cat__race_id_2026-02-28_11,0
cat__race_id_2026-02-28_10,0
cat__race_id_2026-02-28_1,0
cat__race_id_2026-02-15_9,0
cat__race_id_2026-02-15_8,0
cat__race_id_2026-02-15_6,0
cat__race_id_2026-02-15_5,0
cat__race_id_2026-02-15_4,0
cat__race_id_2026-02-15_3,0
cat__race_id_2026-02-15_2,0
cat__race_id_2026-02-15_10,0
cat__race_id_2026-02-15_1,0
cat__race_id_2026-02-14_9,0
cat__race_id_2026-02-28_4,0
